respondent_id,survey_date,city,age_group,gender,income_bracket,awareness_channel,product_interest,funnel_stage,purchase_motivator,purchase_barrier,monthly_spend_inr,nps_score,nps_category,top_satisfaction_driver,survey_completion_min
VE0001,2024-11-11,Delhi,35-44,Male,3-6L,Instagram,Ashwagandha,Consideration,,Too Expensive,0,,,,7.5
VE0002,2024-10-08,Hyderabad,35-44,Female,10-20L,YouTube,Omega-3,Consideration,,Lack of Trust,0,,,,13.9
VE0003,2024-08-27,Mumbai,25-34,Female,<3L,YouTube,Multivitamin,Repeat Purchase,Discount/Offer,None,0,8,Passive,Delivery Speed,12.9
VE0004,2024-09-01,Hyderabad,35-44,Male,3-6L,YouTube,Whey Protein,Repeat Purchase,Doctor Recommended,None,500,9,Promoter,Delivery Speed,13.7
VE0005,2024-06-19,Hyderabad,18-24,Female,3-6L,YouTube,Vitamin D3,Intent,Peer Recommendation,Lack of Trust,0,,,,15.6
VE0006,2024-08-20,Bangalore,18-24,Female,6-10L,Word of Mouth,Whey Protein,Consideration,,Too Many Options,0,,,,8.1
VE0007,2024-08-03,Pune,35-44,Female,6-10L,Google Search,Multivitamin,Awareness,,Too Expensive,0,,,,5.7
VE0008,2024-06-13,Ahmedabad,18-24,Male,10-20L,Google Search,Multivitamin,Purchase,Ingredients Quality,None,1000,9,Promoter,Customer Support,8.1
VE0009,2024-11-12,Mumbai,25-34,Male,<3L,Word of Mouth,Ashwagandha,Awareness,,Lack of Trust,0,,,,16.3
VE0010,2024-08-16,Kolkata,25-34,Male,6-10L,Instagram,Vitamin D3,Awareness,,Shipping Concerns,0,,,,11.1
VE0011,2024-06-29,Jaipur,45-54,Female,3-6L,Instagram,Probiotic,Awareness,,Too Expensive,0,,,,15.5
VE0012,2024-10-15,Pune,18-24,Male,6-10L,Instagram,Probiotic,Intent,Peer Recommendation,Too Expensive,0,,,,9.9
VE0013,2024-11-19,Chennai,25-34,Male,3-6L,Instagram,Multivitamin,Purchase,Brand Trust,None,300,10,Promoter,Product Efficacy,7.7
VE0014,2024-11-19,Bangalore,35-44,Female,10-20L,Google Search,Multivitamin,Repeat Purchase,Doctor Recommended,None,1000,9,Promoter,Taste/Texture,5.8
VE0015,2024-09-12,Pune,45-54,Male,3-6L,Google Search,Whey Protein,Intent,Price,Lack of Trust,0,,,,5.2
VE0016,2024-10-17,Kolkata,55+,Female,10-20L,Instagram,Omega-3,Purchase,Brand Trust,None,4000,7,Passive,Delivery Speed,14.4
VE0017,2024-10-21,Chennai,25-34,Male,3-6L,Instagram,Ashwagandha,Purchase,Influencer,None,300,10,Promoter,Product Efficacy,7.0
VE0018,2024-10-31,Delhi,45-54,Male,20L+,Google Search,Ashwagandha,Intent,Influencer,Unsure of Efficacy,0,,,,7.3
VE0019,2024-08-20,Mumbai,25-34,Female,3-6L,YouTube,Collagen,Intent,Discount/Offer,Too Expensive,0,,,,11.3
VE0020,2024-07-04,Jaipur,45-54,Female,3-6L,Instagram,Collagen,Consideration,,None,0,,,,13.5
VE0021,2024-10-20,Mumbai,35-44,Female,3-6L,Instagram,Whey Protein,Intent,Peer Recommendation,Too Expensive,0,,,,11.3
VE0022,2024-08-04,Ahmedabad,45-54,Male,6-10L,Instagram,Whey Protein,Awareness,,Too Many Options,0,,,,6.7
VE0023,2024-09-22,Hyderabad,25-34,Male,<3L,Doctor Recommendation,Probiotic,Consideration,,Too Many Options,0,,,,10.3
VE0024,2024-06-11,Mumbai,45-54,Female,10-20L,Doctor Recommendation,Whey Protein,Intent,Discount/Offer,Unsure of Efficacy,0,,,,17.0
VE0025,2024-07-31,Ahmedabad,55+,Female,10-20L,Instagram,Ashwagandha,Consideration,,Lack of Trust,0,,,,8.1
VE0026,2024-11-27,Delhi,45-54,Female,3-6L,Doctor Recommendation,Omega-3,Consideration,,Unsure of Efficacy,0,,,,13.4
VE0027,2024-09-11,Mumbai,45-54,Prefer not to say,3-6L,Google Search,Multivitamin,Awareness,,Prefer Offline,0,,,,6.1
VE0028,2024-08-06,Delhi,55+,Male,<3L,YouTube,Ashwagandha,Consideration,,Prefer Offline,0,,,,16.6
VE0029,2024-07-19,Mumbai,35-44,Male,20L+,Google Search,Ashwagandha,Awareness,,Too Many Options,0,,,,10.3
VE0030,2024-11-18,Jaipur,35-44,Female,3-6L,Facebook,Omega-3,Intent,Influencer,Too Expensive,0,,,,13.6
VE0031,2024-07-15,Hyderabad,25-34,Female,<3L,YouTube,Omega-3,Consideration,,Prefer Offline,0,,,,13.6
VE0032,2024-10-09,Bangalore,45-54,Female,3-6L,Instagram,Omega-3,Intent,Peer Recommendation,Too Many Options,0,,,,15.4
VE0033,2024-07-08,Delhi,25-34,Male,10-20L,Instagram,Multivitamin,Intent,Influencer,Unsure of Efficacy,0,,,,16.6
VE0034,2024-06-28,Pune,25-34,Female,10-20L,YouTube,Omega-3,Awareness,,Too Expensive,0,,,,15.3
VE0035,2024-11-18,Hyderabad,35-44,Male,10-20L,YouTube,Collagen,Awareness,,Prefer Offline,0,,,,16.6
VE0036,2024-09-30,Bangalore,35-44,Female,3-6L,Word of Mouth,Omega-3,Intent,Brand Trust,Unsure of Efficacy,0,,,,6.4
VE0037,2024-07-30,Bangalore,18-24,Male,6-10L,YouTube,Omega-3,Consideration,,Unsure of Efficacy,0,,,,16.1
VE0038,2024-10-26,Bangalore,18-24,Male,10-20L,Doctor Recommendation,Vitamin D3,Consideration,,Too Many Options,0,,,,11.1
VE0039,2024-08-09,Bangalore,18-24,Male,10-20L,YouTube,Whey Protein,Intent,Price,Unsure of Efficacy,0,,,,5.6
VE0040,2024-09-18,Delhi,25-34,Male,6-10L,Instagram,Multivitamin,Awareness,,Unsure of Efficacy,0,,,,7.9
VE0041,2024-06-21,Bangalore,35-44,Male,20L+,Instagram,Whey Protein,Awareness,,Too Expensive,0,,,,17.3
VE0042,2024-07-22,Kolkata,35-44,Male,6-10L,Instagram,Vitamin D3,Purchase,Peer Recommendation,None,1000,10,Promoter,Product Efficacy,4.8
VE0043,2024-08-19,Hyderabad,45-54,Male,20L+,Instagram,Ashwagandha,Awareness,,Unsure of Efficacy,0,,,,16.0
VE0044,2024-11-01,Kolkata,45-54,Female,<3L,Google Search,Ashwagandha,Consideration,,Too Expensive,0,,,,15.6
VE0045,2024-06-28,Bangalore,25-34,Female,6-10L,Instagram,Whey Protein,Consideration,,Too Many Options,0,,,,10.8
VE0046,2024-10-30,Mumbai,45-54,Female,<3L,Doctor Recommendation,Multivitamin,Consideration,,Unsure of Efficacy,0,,,,11.2
VE0047,2024-08-23,Delhi,25-34,Female,3-6L,Doctor Recommendation,Ashwagandha,Intent,Price,Lack of Trust,0,,,,12.0
VE0048,2024-08-01,Chennai,35-44,Male,10-20L,Instagram,Multivitamin,Intent,Influencer,Prefer Offline,0,,,,18.0
VE0049,2024-10-19,Mumbai,35-44,Male,3-6L,Instagram,Whey Protein,Intent,Brand Trust,Too Expensive,0,,,,8.2
VE0050,2024-10-29,Lucknow,25-34,Male,<3L,Instagram,Multivitamin,Intent,Brand Trust,None,0,,,,13.9
VE0051,2024-07-03,Chennai,35-44,Male,<3L,YouTube,Omega-3,Consideration,,Unsure of Efficacy,0,,,,6.0
VE0052,2024-06-17,Bangalore,18-24,Female,<3L,Instagram,Omega-3,Consideration,,Too Expensive,0,,,,12.7
VE0053,2024-11-06,Mumbai,25-34,Male,6-10L,Doctor Recommendation,Vitamin D3,Consideration,,Too Many Options,0,,,,17.3
VE0054,2024-07-24,Hyderabad,25-34,Male,3-6L,Google Search,Whey Protein,Consideration,,Prefer Offline,0,,,,7.6
VE0055,2024-11-28,Mumbai,45-54,Male,3-6L,Instagram,Collagen,Consideration,,Too Expensive,0,,,,11.9
VE0056,2024-11-13,Delhi,25-34,Male,<3L,Word of Mouth,Ashwagandha,Awareness,,None,0,,,,6.2
VE0057,2024-11-24,Mumbai,25-34,Male,6-10L,YouTube,Ashwagandha,Awareness,,Lack of Trust,0,,,,4.8
VE0058,2024-07-29,Lucknow,45-54,Female,20L+,Offline Store,Ashwagandha,Intent,Influencer,Too Many Options,0,,,,7.0
VE0059,2024-10-28,Bangalore,45-54,Prefer not to say,6-10L,YouTube,Multivitamin,Purchase,Doctor Recommended,None,500,8,Passive,Packaging,8.9
VE0060,2024-09-12,Ahmedabad,45-54,Male,10-20L,YouTube,Whey Protein,Consideration,,Prefer Offline,0,,,,14.8
VE0061,2024-07-23,Mumbai,18-24,Male,10-20L,Google Search,Whey Protein,Consideration,,Lack of Trust,0,,,,11.9
VE0062,2024-10-20,Bangalore,25-34,Female,<3L,Facebook,Ashwagandha,Consideration,,Unsure of Efficacy,0,,,,10.1
VE0063,2024-10-02,Lucknow,25-34,Female,6-10L,Facebook,Omega-3,Awareness,,Shipping Concerns,0,,,,14.9
VE0064,2024-09-15,Mumbai,45-54,Male,<3L,Word of Mouth,Collagen,Consideration,,Shipping Concerns,0,,,,11.8
VE0065,2024-08-28,Mumbai,35-44,Male,20L+,Doctor Recommendation,Vitamin D3,Intent,Doctor Recommended,Unsure of Efficacy,0,,,,14.0
VE0066,2024-09-06,Bangalore,35-44,Female,20L+,Google Search,Whey Protein,Consideration,,Shipping Concerns,0,,,,5.8
VE0067,2024-09-25,Delhi,18-24,Female,20L+,Instagram,Collagen,Consideration,,Unsure of Efficacy,0,,,,16.0
VE0068,2024-11-20,Kolkata,25-34,Male,10-20L,Word of Mouth,Probiotic,Intent,Discount/Offer,None,0,,,,10.4
VE0069,2024-06-26,Pune,35-44,Male,3-6L,YouTube,Whey Protein,Repeat Purchase,Doctor Recommended,None,500,5,Detractor,Product Efficacy,16.3
VE0070,2024-11-06,Chennai,25-34,Female,3-6L,Google Search,Omega-3,Consideration,,Prefer Offline,0,,,,13.6
VE0071,2024-07-11,Delhi,55+,Prefer not to say,3-6L,Facebook,Ashwagandha,Intent,Peer Recommendation,Too Expensive,0,,,,12.2
VE0072,2024-10-26,Mumbai,35-44,Male,10-20L,YouTube,Whey Protein,Awareness,,Lack of Trust,0,,,,16.8
VE0073,2024-10-06,Kolkata,45-54,Female,3-6L,Doctor Recommendation,Whey Protein,Intent,Peer Recommendation,Too Many Options,0,,,,13.0
VE0074,2024-11-08,Chennai,25-34,Male,6-10L,Word of Mouth,Whey Protein,Consideration,,Too Expensive,0,,,,15.1
VE0075,2024-09-02,Hyderabad,45-54,Female,3-6L,Doctor Recommendation,Omega-3,Awareness,,Lack of Trust,0,,,,15.4
VE0076,2024-09-28,Lucknow,18-24,Prefer not to say,10-20L,Word of Mouth,Vitamin D3,Awareness,,Lack of Trust,0,,,,5.7
VE0077,2024-09-10,Delhi,35-44,Male,10-20L,Word of Mouth,Ashwagandha,Awareness,,None,0,,,,13.6
VE0078,2024-09-29,Delhi,45-54,Female,20L+,Instagram,Whey Protein,Awareness,,Shipping Concerns,0,,,,13.3
VE0079,2024-06-30,Delhi,55+,Male,6-10L,Instagram,Probiotic,Intent,Peer Recommendation,None,0,,,,12.4
VE0080,2024-07-10,Ahmedabad,35-44,Female,6-10L,Facebook,Multivitamin,Repeat Purchase,Discount/Offer,None,1500,8,Passive,Taste/Texture,9.3
VE0081,2024-09-10,Mumbai,55+,Female,10-20L,Instagram,Whey Protein,Consideration,,Too Expensive,0,,,,7.8
VE0082,2024-07-03,Pune,25-34,Female,6-10L,Google Search,Collagen,Consideration,,Lack of Trust,0,,,,8.2
VE0083,2024-07-08,Lucknow,35-44,Female,<3L,Doctor Recommendation,Whey Protein,Consideration,,Too Many Options,0,,,,6.9
VE0084,2024-06-14,Delhi,25-34,Male,<3L,YouTube,Multivitamin,Purchase,Discount/Offer,None,300,8,Passive,Taste/Texture,5.3
VE0085,2024-10-01,Kolkata,25-34,Male,10-20L,YouTube,Probiotic,Purchase,Ingredients Quality,None,4000,10,Promoter,Customer Support,10.6
VE0086,2024-11-02,Bangalore,45-54,Male,6-10L,Doctor Recommendation,Omega-3,Awareness,,Prefer Offline,0,,,,10.1
VE0087,2024-09-25,Bangalore,35-44,Male,3-6L,Instagram,Vitamin D3,Repeat Purchase,Peer Recommendation,None,700,10,Promoter,Customer Support,12.4
VE0088,2024-10-22,Hyderabad,35-44,Male,10-20L,Facebook,Omega-3,Awareness,,Too Expensive,0,,,,12.6
VE0089,2024-08-30,Delhi,25-34,Male,6-10L,Doctor Recommendation,Multivitamin,Repeat Purchase,Influencer,None,500,9,Promoter,Customer Support,13.9
VE0090,2024-06-08,Delhi,35-44,Male,3-6L,Instagram,Probiotic,Repeat Purchase,Peer Recommendation,None,500,7,Passive,Price-Value,6.6
VE0091,2024-08-19,Pune,35-44,Female,<3L,Instagram,Whey Protein,Consideration,,Unsure of Efficacy,0,,,,11.1
VE0092,2024-09-22,Bangalore,25-34,Male,3-6L,Instagram,Ashwagandha,Purchase,Price,None,500,7,Passive,Packaging,6.4
VE0093,2024-08-05,Mumbai,18-24,Male,6-10L,Instagram,Omega-3,Intent,Doctor Recommended,Unsure of Efficacy,0,,,,10.4
VE0094,2024-09-26,Jaipur,45-54,Female,6-10L,Word of Mouth,Multivitamin,Trial,Ingredients Quality,Shipping Concerns,0,,,,5.7
VE0095,2024-06-28,Mumbai,35-44,Female,6-10L,YouTube,Multivitamin,Intent,Price,Prefer Offline,0,,,,9.2
VE0096,2024-11-13,Kolkata,25-34,Male,3-6L,Google Search,Collagen,Intent,Influencer,Lack of Trust,0,,,,13.7
VE0097,2024-10-23,Chennai,55+,Male,20L+,YouTube,Omega-3,Consideration,,Lack of Trust,0,,,,9.3
VE0098,2024-06-19,Mumbai,25-34,Male,10-20L,Instagram,Probiotic,Awareness,,Too Many Options,0,,,,10.7
VE0099,2024-10-20,Jaipur,35-44,Male,20L+,Google Search,Whey Protein,Intent,Influencer,Lack of Trust,0,,,,17.8
VE0100,2024-06-22,Bangalore,18-24,Male,6-10L,YouTube,Omega-3,Repeat Purchase,Ingredients Quality,None,1500,3,Detractor,Product Efficacy,13.7
VE0101,2024-08-12,Mumbai,45-54,Prefer not to say,6-10L,Instagram,Whey Protein,Consideration,,Unsure of Efficacy,0,,,,6.2
VE0102,2024-06-22,Mumbai,25-34,Female,10-20L,Word of Mouth,Collagen,Awareness,,Too Many Options,0,,,,13.2
VE0103,2024-09-17,Bangalore,18-24,Male,20L+,YouTube,Collagen,Consideration,,Too Expensive,0,,,,15.9
VE0104,2024-06-26,Bangalore,35-44,Female,6-10L,Word of Mouth,Probiotic,Consideration,,Too Expensive,0,,,,15.7
VE0105,2024-11-07,Kolkata,18-24,Male,6-10L,Word of Mouth,Multivitamin,Intent,Influencer,Prefer Offline,0,,,,17.5
VE0106,2024-09-29,Ahmedabad,25-34,Female,6-10L,YouTube,Collagen,Awareness,,Prefer Offline,0,,,,17.5
VE0107,2024-07-22,Kolkata,18-24,Male,6-10L,Doctor Recommendation,Omega-3,Consideration,,Shipping Concerns,0,,,,5.6
VE0108,2024-07-12,Mumbai,45-54,Male,6-10L,Facebook,Multivitamin,Purchase,Brand Trust,None,500,7,Passive,Product Efficacy,17.1
VE0109,2024-11-14,Mumbai,18-24,Male,20L+,YouTube,Collagen,Awareness,,Prefer Offline,0,,,,16.7
VE0110,2024-06-05,Mumbai,45-54,Female,10-20L,Google Search,Whey Protein,Purchase,Influencer,None,1000,10,Promoter,Price-Value,11.7
VE0111,2024-11-09,Bangalore,25-34,Male,6-10L,Google Search,Multivitamin,Consideration,,Too Expensive,0,,,,5.4
VE0112,2024-10-13,Hyderabad,45-54,Male,<3L,Doctor Recommendation,Whey Protein,Intent,Doctor Recommended,Too Expensive,0,,,,14.4
VE0113,2024-11-08,Delhi,35-44,Female,3-6L,YouTube,Multivitamin,Consideration,,Too Many Options,0,,,,13.0
VE0114,2024-07-05,Delhi,35-44,Male,3-6L,Instagram,Whey Protein,Consideration,,Prefer Offline,0,,,,7.9
VE0115,2024-11-13,Delhi,25-34,Female,10-20L,YouTube,Whey Protein,Consideration,,Lack of Trust,0,,,,9.1
VE0116,2024-07-18,Bangalore,25-34,Female,6-10L,Doctor Recommendation,Ashwagandha,Consideration,,Shipping Concerns,0,,,,8.8
VE0117,2024-06-21,Mumbai,25-34,Male,10-20L,Instagram,Omega-3,Consideration,,Shipping Concerns,0,,,,8.2
VE0118,2024-06-15,Delhi,35-44,Male,10-20L,Word of Mouth,Vitamin D3,Consideration,,Lack of Trust,0,,,,6.2
VE0119,2024-07-31,Pune,25-34,Male,6-10L,Google Search,Ashwagandha,Awareness,,Unsure of Efficacy,0,,,,12.2
VE0120,2024-10-14,Mumbai,25-34,Male,20L+,Instagram,Whey Protein,Consideration,,Too Expensive,0,,,,14.0
VE0121,2024-07-25,Lucknow,25-34,Female,6-10L,Instagram,Probiotic,Consideration,,Prefer Offline,0,,,,15.4
VE0122,2024-08-21,Chennai,35-44,Female,3-6L,YouTube,Whey Protein,Consideration,,Too Expensive,0,,,,11.4
VE0123,2024-07-02,Lucknow,45-54,Male,6-10L,YouTube,Ashwagandha,Consideration,,Too Expensive,0,,,,5.4
VE0124,2024-09-10,Lucknow,35-44,Female,10-20L,Doctor Recommendation,Whey Protein,Awareness,,Too Many Options,0,,,,10.8
VE0125,2024-10-11,Mumbai,45-54,Female,6-10L,Instagram,Vitamin D3,Consideration,,Too Expensive,0,,,,11.5
VE0126,2024-08-17,Delhi,25-34,Female,3-6L,Facebook,Probiotic,Awareness,,Unsure of Efficacy,0,,,,6.2
VE0127,2024-08-17,Hyderabad,18-24,Female,6-10L,Google Search,Whey Protein,Consideration,,Unsure of Efficacy,0,,,,15.6
VE0128,2024-06-08,Delhi,55+,Female,3-6L,Instagram,Ashwagandha,Intent,Influencer,Too Many Options,0,,,,11.0
VE0129,2024-11-23,Bangalore,25-34,Female,3-6L,YouTube,Omega-3,Intent,Doctor Recommended,None,0,,,,17.7
VE0130,2024-07-04,Pune,25-34,Male,3-6L,Instagram,Omega-3,Intent,Discount/Offer,Unsure of Efficacy,0,,,,15.5
VE0131,2024-10-26,Pune,25-34,Male,20L+,YouTube,Probiotic,Repeat Purchase,Ingredients Quality,None,2000,2,Detractor,Price-Value,16.4
VE0132,2024-11-15,Chennai,25-34,Male,<3L,Instagram,Multivitamin,Purchase,Doctor Recommended,None,300,3,Detractor,Customer Support,14.8
VE0133,2024-08-11,Kolkata,35-44,Female,3-6L,Instagram,Multivitamin,Awareness,,Too Many Options,0,,,,14.7
VE0134,2024-07-21,Hyderabad,25-34,Male,<3L,Word of Mouth,Collagen,Intent,Price,None,0,,,,6.7
VE0135,2024-11-05,Pune,25-34,Male,10-20L,Google Search,Ashwagandha,Consideration,,Unsure of Efficacy,0,,,,17.7
VE0136,2024-10-28,Mumbai,45-54,Female,6-10L,Google Search,Multivitamin,Consideration,,Too Many Options,0,,,,14.2
VE0137,2024-10-28,Bangalore,25-34,Female,10-20L,YouTube,Collagen,Intent,Brand Trust,Prefer Offline,0,,,,6.5
VE0138,2024-11-24,Mumbai,25-34,Female,6-10L,Doctor Recommendation,Ashwagandha,Intent,Discount/Offer,Prefer Offline,0,,,,8.7
VE0139,2024-07-15,Bangalore,35-44,Female,10-20L,Doctor Recommendation,Ashwagandha,Awareness,,Unsure of Efficacy,0,,,,7.1
VE0140,2024-08-03,Mumbai,25-34,Female,20L+,Word of Mouth,Ashwagandha,Purchase,Peer Recommendation,None,5000,4,Detractor,Delivery Speed,9.6
VE0141,2024-09-10,Kolkata,55+,Female,3-6L,YouTube,Ashwagandha,Repeat Purchase,Influencer,None,700,4,Detractor,Customer Support,12.4
VE0142,2024-08-02,Delhi,45-54,Male,3-6L,Instagram,Multivitamin,Consideration,,Too Expensive,0,,,,10.0
VE0143,2024-09-30,Bangalore,25-34,Prefer not to say,3-6L,Google Search,Probiotic,Intent,Peer Recommendation,None,0,,,,10.1
VE0144,2024-07-16,Jaipur,18-24,Female,10-20L,Instagram,Ashwagandha,Awareness,,Unsure of Efficacy,0,,,,4.6
VE0145,2024-10-24,Hyderabad,55+,Male,6-10L,Google Search,Omega-3,Awareness,,Too Expensive,0,,,,8.2
VE0146,2024-06-29,Mumbai,35-44,Female,10-20L,Instagram,Multivitamin,Consideration,,Too Expensive,0,,,,15.7
VE0147,2024-10-10,Mumbai,25-34,Male,20L+,YouTube,Vitamin D3,Repeat Purchase,Ingredients Quality,None,2000,6,Detractor,Price-Value,7.7
VE0148,2024-11-18,Delhi,25-34,Male,6-10L,Doctor Recommendation,Ashwagandha,Intent,Doctor Recommended,Too Many Options,0,,,,17.4
VE0149,2024-10-01,Delhi,35-44,Female,6-10L,Google Search,Omega-3,Consideration,,Too Expensive,0,,,,13.7
VE0150,2024-10-31,Ahmedabad,18-24,Male,10-20L,Instagram,Omega-3,Intent,Ingredients Quality,Too Expensive,0,,,,16.0
VE0151,2024-09-22,Delhi,25-34,Female,<3L,Google Search,Collagen,Purchase,Peer Recommendation,None,0,7,Passive,Delivery Speed,14.6
VE0152,2024-10-27,Delhi,25-34,Female,6-10L,Instagram,Probiotic,Awareness,,Prefer Offline,0,,,,10.0
VE0153,2024-07-05,Pune,55+,Female,6-10L,Offline Store,Multivitamin,Awareness,,Shipping Concerns,0,,,,5.6
VE0154,2024-11-17,Ahmedabad,18-24,Female,<3L,Offline Store,Multivitamin,Consideration,,Shipping Concerns,0,,,,17.7
VE0155,2024-09-27,Chennai,35-44,Female,10-20L,Instagram,Multivitamin,Consideration,,Lack of Trust,0,,,,4.9
VE0156,2024-11-17,Bangalore,35-44,Female,<3L,Instagram,Whey Protein,Consideration,,Lack of Trust,0,,,,7.8
VE0157,2024-06-12,Bangalore,25-34,Male,10-20L,Instagram,Omega-3,Consideration,,Lack of Trust,0,,,,12.3
VE0158,2024-11-20,Kolkata,25-34,Female,20L+,Google Search,Multivitamin,Intent,Peer Recommendation,Too Expensive,0,,,,12.0
VE0159,2024-06-13,Lucknow,55+,Female,10-20L,YouTube,Multivitamin,Intent,Influencer,Shipping Concerns,0,,,,16.1
VE0160,2024-07-07,Kolkata,45-54,Female,20L+,Google Search,Whey Protein,Intent,Discount/Offer,Shipping Concerns,0,,,,11.7
VE0161,2024-07-19,Delhi,25-34,Female,<3L,Instagram,Collagen,Consideration,,Too Expensive,0,,,,16.2
VE0162,2024-08-25,Mumbai,45-54,Male,3-6L,Word of Mouth,Ashwagandha,Awareness,,Shipping Concerns,0,,,,9.9
VE0163,2024-08-01,Hyderabad,35-44,Male,6-10L,YouTube,Multivitamin,Trial,Influencer,Shipping Concerns,0,,,,9.5
VE0164,2024-09-14,Delhi,45-54,Female,<3L,Google Search,Ashwagandha,Awareness,,Unsure of Efficacy,0,,,,9.0
VE0165,2024-09-06,Hyderabad,25-34,Female,20L+,YouTube,Collagen,Consideration,,Lack of Trust,0,,,,6.8
VE0166,2024-08-30,Delhi,35-44,Male,20L+,Google Search,Ashwagandha,Intent,Discount/Offer,Too Many Options,0,,,,10.1
VE0167,2024-11-09,Mumbai,35-44,Male,6-10L,YouTube,Ashwagandha,Consideration,,Prefer Offline,0,,,,4.7
VE0168,2024-10-15,Hyderabad,18-24,Female,3-6L,Offline Store,Whey Protein,Awareness,,Too Many Options,0,,,,5.9
VE0169,2024-06-25,Bangalore,25-34,Female,3-6L,YouTube,Collagen,Consideration,,Prefer Offline,0,,,,17.9
VE0170,2024-07-28,Mumbai,45-54,Male,20L+,Google Search,Whey Protein,Purchase,Price,None,7000,9,Promoter,Packaging,17.7
VE0171,2024-06-25,Ahmedabad,45-54,Male,20L+,Word of Mouth,Omega-3,Consideration,,Too Many Options,0,,,,16.6
VE0172,2024-10-23,Chennai,18-24,Female,<3L,Instagram,Whey Protein,Awareness,,Shipping Concerns,0,,,,8.5
VE0173,2024-10-23,Mumbai,45-54,Male,20L+,YouTube,Collagen,Consideration,,Lack of Trust,0,,,,5.2
VE0174,2024-09-20,Mumbai,18-24,Female,6-10L,Google Search,Vitamin D3,Consideration,,Lack of Trust,0,,,,11.1
VE0175,2024-08-31,Hyderabad,25-34,Male,6-10L,YouTube,Collagen,Repeat Purchase,Peer Recommendation,None,1000,9,Promoter,Packaging,5.9
VE0176,2024-06-02,Jaipur,25-34,Female,<3L,Instagram,Omega-3,Purchase,Ingredients Quality,None,300,10,Promoter,Product Efficacy,10.1
VE0177,2024-06-22,Pune,35-44,Prefer not to say,3-6L,Google Search,Ashwagandha,Repeat Purchase,Brand Trust,None,700,8,Passive,Product Efficacy,7.9
VE0178,2024-08-03,Pune,25-34,Female,6-10L,Instagram,Whey Protein,Consideration,,Unsure of Efficacy,0,,,,10.4
VE0179,2024-09-19,Kolkata,45-54,Prefer not to say,3-6L,YouTube,Vitamin D3,Intent,Discount/Offer,Unsure of Efficacy,0,,,,17.6
VE0180,2024-08-02,Mumbai,25-34,Female,3-6L,Facebook,Whey Protein,Awareness,,Too Expensive,0,,,,17.4
VE0181,2024-09-27,Jaipur,25-34,Female,10-20L,Instagram,Collagen,Awareness,,Too Many Options,0,,,,13.1
VE0182,2024-08-01,Mumbai,18-24,Male,6-10L,YouTube,Ashwagandha,Intent,Discount/Offer,Unsure of Efficacy,0,,,,15.2
VE0183,2024-09-01,Chennai,45-54,Female,20L+,Instagram,Multivitamin,Intent,Influencer,Too Many Options,0,,,,17.6
VE0184,2024-08-24,Lucknow,25-34,Male,3-6L,Google Search,Omega-3,Purchase,Ingredients Quality,None,500,7,Passive,Product Efficacy,5.9
VE0185,2024-09-15,Jaipur,18-24,Female,10-20L,YouTube,Multivitamin,Awareness,,Prefer Offline,0,,,,10.9
VE0186,2024-09-21,Pune,25-34,Male,<3L,Word of Mouth,Whey Protein,Intent,Discount/Offer,Lack of Trust,0,,,,12.0
VE0187,2024-08-24,Hyderabad,55+,Male,6-10L,Instagram,Ashwagandha,Intent,Brand Trust,Too Many Options,0,,,,4.6
VE0188,2024-07-25,Mumbai,35-44,Female,<3L,Instagram,Probiotic,Purchase,Influencer,None,300,9,Promoter,Customer Support,12.4
VE0189,2024-08-29,Mumbai,25-34,Male,10-20L,Doctor Recommendation,Probiotic,Consideration,,Unsure of Efficacy,0,,,,8.6
VE0190,2024-07-17,Mumbai,18-24,Male,6-10L,Google Search,Omega-3,Intent,Discount/Offer,Too Expensive,0,,,,11.1
VE0191,2024-07-06,Delhi,45-54,Female,10-20L,Facebook,Omega-3,Intent,Ingredients Quality,Unsure of Efficacy,0,,,,10.1
VE0192,2024-09-22,Bangalore,18-24,Male,10-20L,YouTube,Multivitamin,Trial,Peer Recommendation,Too Many Options,0,,,,12.2
VE0193,2024-08-08,Pune,45-54,Male,10-20L,Instagram,Ashwagandha,Consideration,,Too Expensive,0,,,,8.5
VE0194,2024-06-09,Bangalore,25-34,Female,6-10L,Offline Store,Collagen,Consideration,,Too Many Options,0,,,,16.1
VE0195,2024-11-04,Chennai,18-24,Male,3-6L,Instagram,Whey Protein,Intent,Doctor Recommended,Lack of Trust,0,,,,12.2
VE0196,2024-10-10,Lucknow,35-44,Male,20L+,Word of Mouth,Probiotic,Awareness,,Shipping Concerns,0,,,,14.0
VE0197,2024-07-04,Mumbai,35-44,Female,10-20L,Word of Mouth,Omega-3,Purchase,Discount/Offer,None,1000,8,Passive,Delivery Speed,13.9
VE0198,2024-09-03,Bangalore,25-34,Female,10-20L,Doctor Recommendation,Whey Protein,Awareness,,Too Many Options,0,,,,16.0
VE0199,2024-10-15,Bangalore,55+,Female,6-10L,YouTube,Multivitamin,Intent,Peer Recommendation,Shipping Concerns,0,,,,5.1
VE0200,2024-11-08,Pune,25-34,Male,10-20L,YouTube,Whey Protein,Awareness,,Too Expensive,0,,,,16.4
VE0201,2024-08-17,Delhi,55+,Male,6-10L,Instagram,Multivitamin,Awareness,,Too Expensive,0,,,,12.9
VE0202,2024-11-27,Pune,25-34,Male,<3L,Instagram,Whey Protein,Repeat Purchase,Price,None,500,9,Promoter,Price-Value,7.6
VE0203,2024-06-23,Pune,18-24,Male,10-20L,Instagram,Collagen,Awareness,,Too Expensive,0,,,,5.4
VE0204,2024-10-23,Delhi,35-44,Male,10-20L,Google Search,Whey Protein,Consideration,,Shipping Concerns,0,,,,16.6
VE0205,2024-07-06,Pune,35-44,Male,20L+,YouTube,Whey Protein,Intent,Ingredients Quality,Too Many Options,0,,,,15.9
VE0206,2024-11-16,Ahmedabad,25-34,Female,3-6L,YouTube,Ashwagandha,Awareness,,Lack of Trust,0,,,,11.2
VE0207,2024-06-29,Mumbai,35-44,Male,10-20L,Instagram,Multivitamin,Intent,Doctor Recommended,Too Many Options,0,,,,14.8
VE0208,2024-06-19,Delhi,18-24,Male,<3L,Instagram,Collagen,Consideration,,Prefer Offline,0,,,,10.2
VE0209,2024-09-11,Delhi,35-44,Female,3-6L,YouTube,Omega-3,Consideration,,Prefer Offline,0,,,,12.4
VE0210,2024-11-14,Chennai,18-24,Female,10-20L,Doctor Recommendation,Whey Protein,Repeat Purchase,Peer Recommendation,None,2000,4,Detractor,Delivery Speed,14.0
VE0211,2024-07-12,Bangalore,25-34,Male,10-20L,Instagram,Multivitamin,Awareness,,Shipping Concerns,0,,,,14.9
VE0212,2024-06-08,Mumbai,25-34,Female,3-6L,Offline Store,Ashwagandha,Trial,Brand Trust,Too Expensive,0,,,,16.6
VE0213,2024-11-20,Pune,25-34,Male,<3L,Doctor Recommendation,Multivitamin,Trial,Discount/Offer,Too Many Options,0,,,,7.5
VE0214,2024-08-03,Bangalore,35-44,Male,<3L,YouTube,Omega-3,Awareness,,Too Expensive,0,,,,17.4
VE0215,2024-06-18,Ahmedabad,45-54,Female,3-6L,Instagram,Omega-3,Intent,Peer Recommendation,Unsure of Efficacy,0,,,,12.5
VE0216,2024-10-05,Lucknow,35-44,Female,6-10L,Word of Mouth,Whey Protein,Awareness,,Too Expensive,0,,,,13.1
VE0217,2024-11-25,Ahmedabad,55+,Male,6-10L,Doctor Recommendation,Ashwagandha,Repeat Purchase,Discount/Offer,None,1500,3,Detractor,Taste/Texture,16.6
VE0218,2024-10-12,Bangalore,45-54,Male,10-20L,Google Search,Omega-3,Intent,Price,Too Many Options,0,,,,7.7
VE0219,2024-08-06,Kolkata,55+,Male,10-20L,YouTube,Omega-3,Consideration,,Too Expensive,0,,,,6.6
VE0220,2024-07-13,Bangalore,25-34,Male,3-6L,Word of Mouth,Omega-3,Consideration,,Too Expensive,0,,,,15.7
VE0221,2024-11-26,Hyderabad,25-34,Female,3-6L,Word of Mouth,Vitamin D3,Trial,Brand Trust,None,0,,,,12.0
VE0222,2024-10-19,Mumbai,25-34,Female,3-6L,Instagram,Collagen,Awareness,,Too Expensive,0,,,,9.5
VE0223,2024-11-09,Jaipur,18-24,Female,20L+,Instagram,Vitamin D3,Consideration,,Lack of Trust,0,,,,16.7
VE0224,2024-08-24,Delhi,55+,Male,20L+,YouTube,Ashwagandha,Purchase,Brand Trust,None,7000,10,Promoter,Product Efficacy,12.9
VE0225,2024-08-02,Chennai,25-34,Female,6-10L,Instagram,Multivitamin,Consideration,,Lack of Trust,0,,,,13.0
VE0226,2024-10-18,Kolkata,55+,Female,3-6L,Google Search,Omega-3,Awareness,,Prefer Offline,0,,,,8.2
VE0227,2024-06-07,Mumbai,25-34,Female,10-20L,Instagram,Vitamin D3,Consideration,,None,0,,,,5.9
VE0228,2024-11-16,Mumbai,35-44,Female,10-20L,Word of Mouth,Vitamin D3,Consideration,,Unsure of Efficacy,0,,,,6.9
VE0229,2024-10-30,Mumbai,35-44,Male,6-10L,Word of Mouth,Multivitamin,Intent,Peer Recommendation,Lack of Trust,0,,,,11.8
VE0230,2024-07-15,Bangalore,18-24,Male,3-6L,Google Search,Whey Protein,Awareness,,Too Expensive,0,,,,9.1
VE0231,2024-07-16,Ahmedabad,45-54,Male,<3L,Google Search,Probiotic,Awareness,,Shipping Concerns,0,,,,17.5
VE0232,2024-09-04,Chennai,35-44,Female,3-6L,YouTube,Vitamin D3,Awareness,,Prefer Offline,0,,,,13.3
VE0233,2024-07-15,Chennai,35-44,Female,6-10L,YouTube,Ashwagandha,Awareness,,Unsure of Efficacy,0,,,,6.2
VE0234,2024-06-01,Jaipur,55+,Male,20L+,Facebook,Whey Protein,Consideration,,None,0,,,,13.1
VE0235,2024-06-27,Jaipur,18-24,Female,3-6L,Offline Store,Whey Protein,Awareness,,Too Expensive,0,,,,10.5
VE0236,2024-08-07,Mumbai,35-44,Male,10-20L,Word of Mouth,Whey Protein,Purchase,Doctor Recommended,None,4000,4,Detractor,Price-Value,16.2
VE0237,2024-11-14,Pune,25-34,Male,10-20L,Instagram,Whey Protein,Trial,Brand Trust,Too Expensive,0,,,,9.1
VE0238,2024-11-05,Ahmedabad,35-44,Male,6-10L,Google Search,Omega-3,Intent,Doctor Recommended,Too Many Options,0,,,,13.4
VE0239,2024-08-16,Mumbai,18-24,Female,10-20L,Instagram,Multivitamin,Intent,Ingredients Quality,Too Expensive,0,,,,7.3
VE0240,2024-11-11,Mumbai,18-24,Female,3-6L,YouTube,Omega-3,Intent,Brand Trust,Shipping Concerns,0,,,,7.0
VE0241,2024-06-12,Mumbai,25-34,Male,3-6L,Instagram,Collagen,Purchase,Ingredients Quality,None,300,10,Promoter,Delivery Speed,10.2
VE0242,2024-10-16,Chennai,55+,Female,3-6L,YouTube,Multivitamin,Awareness,,Too Expensive,0,,,,6.1
VE0243,2024-09-23,Delhi,55+,Prefer not to say,10-20L,Instagram,Omega-3,Awareness,,Prefer Offline,0,,,,15.8
VE0244,2024-08-06,Mumbai,35-44,Female,<3L,Google Search,Omega-3,Awareness,,Prefer Offline,0,,,,15.1
VE0245,2024-11-07,Hyderabad,45-54,Male,3-6L,Google Search,Ashwagandha,Awareness,,Too Expensive,0,,,,12.1
VE0246,2024-06-26,Pune,45-54,Female,10-20L,Instagram,Ashwagandha,Purchase,Ingredients Quality,None,4000,1,Detractor,Taste/Texture,9.0
VE0247,2024-07-31,Delhi,25-34,Male,6-10L,YouTube,Collagen,Consideration,,Shipping Concerns,0,,,,17.6
VE0248,2024-07-29,Delhi,55+,Male,10-20L,Instagram,Multivitamin,Trial,Peer Recommendation,Lack of Trust,0,,,,15.6
VE0249,2024-10-10,Kolkata,18-24,Female,6-10L,Word of Mouth,Omega-3,Intent,Brand Trust,Too Expensive,0,,,,10.7
VE0250,2024-09-01,Chennai,25-34,Female,6-10L,Google Search,Whey Protein,Intent,Brand Trust,Shipping Concerns,0,,,,9.1
VE0251,2024-08-06,Pune,35-44,Male,6-10L,Instagram,Ashwagandha,Awareness,,Shipping Concerns,0,,,,13.6
VE0252,2024-08-08,Chennai,25-34,Female,20L+,Word of Mouth,Omega-3,Intent,Brand Trust,Too Many Options,0,,,,14.1
VE0253,2024-11-12,Mumbai,45-54,Female,6-10L,Instagram,Multivitamin,Consideration,,Too Many Options,0,,,,11.4
VE0254,2024-11-17,Lucknow,45-54,Female,6-10L,YouTube,Ashwagandha,Repeat Purchase,Ingredients Quality,None,1500,5,Detractor,Customer Support,7.7
VE0255,2024-06-15,Kolkata,45-54,Female,6-10L,Word of Mouth,Ashwagandha,Consideration,,Unsure of Efficacy,0,,,,10.0
VE0256,2024-06-10,Hyderabad,55+,Female,3-6L,Word of Mouth,Ashwagandha,Intent,Doctor Recommended,Unsure of Efficacy,0,,,,15.8
VE0257,2024-10-21,Delhi,18-24,Male,3-6L,Doctor Recommendation,Collagen,Consideration,,Unsure of Efficacy,0,,,,7.5
VE0258,2024-07-28,Pune,25-34,Female,3-6L,Instagram,Multivitamin,Awareness,,Prefer Offline,0,,,,10.9
VE0259,2024-07-20,Bangalore,45-54,Male,3-6L,Instagram,Probiotic,Purchase,Influencer,None,700,10,Promoter,Packaging,5.6
VE0260,2024-08-25,Chennai,18-24,Female,<3L,Instagram,Collagen,Consideration,,Prefer Offline,0,,,,6.2
VE0261,2024-09-20,Chennai,25-34,Prefer not to say,6-10L,Instagram,Whey Protein,Trial,Brand Trust,Too Many Options,0,,,,7.6
VE0262,2024-08-28,Mumbai,18-24,Male,3-6L,Instagram,Whey Protein,Awareness,,Prefer Offline,0,,,,10.4
VE0263,2024-11-23,Lucknow,25-34,Female,3-6L,Instagram,Vitamin D3,Awareness,,Unsure of Efficacy,0,,,,7.5
VE0264,2024-07-04,Mumbai,18-24,Male,3-6L,Word of Mouth,Collagen,Consideration,,Lack of Trust,0,,,,12.5
VE0265,2024-06-13,Chennai,35-44,Male,10-20L,YouTube,Multivitamin,Trial,Ingredients Quality,Unsure of Efficacy,0,,,,13.4
VE0266,2024-08-09,Hyderabad,35-44,Male,20L+,Google Search,Ashwagandha,Consideration,,Prefer Offline,0,,,,15.0
VE0267,2024-10-12,Lucknow,25-34,Male,3-6L,Google Search,Probiotic,Repeat Purchase,Price,None,1000,5,Detractor,Product Efficacy,11.4
VE0268,2024-06-26,Ahmedabad,35-44,Male,20L+,Instagram,Whey Protein,Awareness,,Shipping Concerns,0,,,,9.4
VE0269,2024-11-21,Mumbai,35-44,Male,10-20L,Instagram,Probiotic,Purchase,Discount/Offer,None,1000,7,Passive,Price-Value,6.0
VE0270,2024-09-11,Lucknow,25-34,Male,10-20L,Word of Mouth,Ashwagandha,Awareness,,Too Expensive,0,,,,17.8
VE0271,2024-07-11,Delhi,45-54,Male,6-10L,YouTube,Ashwagandha,Awareness,,Too Many Options,0,,,,11.0
VE0272,2024-10-03,Delhi,25-34,Male,3-6L,YouTube,Ashwagandha,Consideration,,Too Many Options,0,,,,17.7
VE0273,2024-11-19,Ahmedabad,25-34,Female,6-10L,YouTube,Ashwagandha,Consideration,,Too Many Options,0,,,,15.8
VE0274,2024-10-21,Ahmedabad,35-44,Male,20L+,Google Search,Omega-3,Intent,Doctor Recommended,Unsure of Efficacy,0,,,,5.2
VE0275,2024-07-28,Hyderabad,25-34,Female,<3L,YouTube,Ashwagandha,Trial,Peer Recommendation,Too Expensive,0,,,,10.1
VE0276,2024-10-21,Hyderabad,45-54,Female,20L+,Google Search,Probiotic,Consideration,,Prefer Offline,0,,,,9.4
VE0277,2024-06-14,Kolkata,45-54,Male,10-20L,Google Search,Ashwagandha,Repeat Purchase,Doctor Recommended,None,3000,8,Passive,Price-Value,5.9
VE0278,2024-07-13,Bangalore,45-54,Female,6-10L,Instagram,Whey Protein,Consideration,,Too Expensive,0,,,,14.2
VE0279,2024-06-28,Pune,18-24,Female,10-20L,Instagram,Probiotic,Consideration,,Prefer Offline,0,,,,4.6
VE0280,2024-06-13,Hyderabad,25-34,Female,20L+,Word of Mouth,Probiotic,Intent,Price,Too Many Options,0,,,,11.3
VE0281,2024-09-07,Bangalore,35-44,Female,3-6L,YouTube,Multivitamin,Consideration,,Too Expensive,0,,,,15.9
VE0282,2024-10-19,Ahmedabad,35-44,Female,6-10L,Instagram,Ashwagandha,Intent,Discount/Offer,Too Many Options,0,,,,11.3
VE0283,2024-11-25,Chennai,35-44,Female,6-10L,Google Search,Vitamin D3,Consideration,,Shipping Concerns,0,,,,16.3
VE0284,2024-09-17,Kolkata,25-34,Male,3-6L,Word of Mouth,Whey Protein,Awareness,,Too Expensive,0,,,,13.7
VE0285,2024-07-08,Kolkata,35-44,Male,10-20L,Instagram,Collagen,Consideration,,Lack of Trust,0,,,,14.5
VE0286,2024-10-22,Bangalore,25-34,Female,10-20L,Word of Mouth,Whey Protein,Intent,Ingredients Quality,None,0,,,,4.7
VE0287,2024-08-04,Mumbai,45-54,Female,6-10L,Instagram,Ashwagandha,Intent,Peer Recommendation,Too Expensive,0,,,,8.5
VE0288,2024-07-16,Lucknow,18-24,Prefer not to say,10-20L,Instagram,Whey Protein,Trial,Price,Prefer Offline,0,,,,5.0
VE0289,2024-08-22,Hyderabad,35-44,Female,10-20L,YouTube,Collagen,Intent,Influencer,None,0,,,,15.1
VE0290,2024-07-11,Bangalore,35-44,Male,3-6L,Instagram,Multivitamin,Intent,Influencer,None,0,,,,6.0
VE0291,2024-08-28,Bangalore,45-54,Female,6-10L,Facebook,Ashwagandha,Consideration,,None,0,,,,8.0
VE0292,2024-08-12,Delhi,25-34,Female,6-10L,Google Search,Omega-3,Consideration,,Unsure of Efficacy,0,,,,17.3
VE0293,2024-07-13,Lucknow,35-44,Female,6-10L,Instagram,Ashwagandha,Consideration,,Shipping Concerns,0,,,,11.8
VE0294,2024-11-27,Ahmedabad,35-44,Male,10-20L,Instagram,Ashwagandha,Consideration,,Too Expensive,0,,,,5.2
VE0295,2024-08-04,Hyderabad,35-44,Male,3-6L,YouTube,Ashwagandha,Intent,Influencer,Too Many Options,0,,,,14.7
VE0296,2024-10-28,Delhi,45-54,Male,6-10L,YouTube,Ashwagandha,Intent,Doctor Recommended,Shipping Concerns,0,,,,10.9
VE0297,2024-10-15,Mumbai,35-44,Female,10-20L,YouTube,Ashwagandha,Consideration,,None,0,,,,17.4
VE0298,2024-06-03,Hyderabad,35-44,Male,<3L,Google Search,Omega-3,Awareness,,Unsure of Efficacy,0,,,,7.4
VE0299,2024-11-13,Kolkata,18-24,Male,6-10L,Instagram,Whey Protein,Trial,Discount/Offer,Too Many Options,0,,,,8.4
VE0300,2024-06-18,Mumbai,25-34,Female,20L+,YouTube,Ashwagandha,Purchase,Doctor Recommended,None,5000,9,Promoter,Product Efficacy,12.2
VE0301,2024-08-20,Jaipur,18-24,Male,10-20L,Word of Mouth,Ashwagandha,Intent,Doctor Recommended,Prefer Offline,0,,,,9.3
VE0302,2024-08-18,Bangalore,18-24,Female,<3L,YouTube,Collagen,Awareness,,Too Expensive,0,,,,14.3
VE0303,2024-06-05,Kolkata,35-44,Female,6-10L,Word of Mouth,Whey Protein,Intent,Influencer,Too Many Options,0,,,,9.4
VE0304,2024-07-28,Ahmedabad,35-44,Female,3-6L,Google Search,Whey Protein,Trial,Discount/Offer,Too Many Options,0,,,,10.5
VE0305,2024-07-16,Hyderabad,35-44,Female,3-6L,Word of Mouth,Vitamin D3,Consideration,,Unsure of Efficacy,0,,,,9.5
VE0306,2024-06-11,Chennai,25-34,Female,6-10L,Facebook,Probiotic,Consideration,,Too Expensive,0,,,,15.8
VE0307,2024-08-07,Hyderabad,35-44,Male,6-10L,Google Search,Probiotic,Intent,Brand Trust,Unsure of Efficacy,0,,,,11.1
VE0308,2024-10-02,Ahmedabad,18-24,Female,6-10L,Instagram,Omega-3,Purchase,Ingredients Quality,None,2000,10,Promoter,Delivery Speed,11.0
VE0309,2024-10-01,Bangalore,35-44,Female,6-10L,Instagram,Whey Protein,Intent,Discount/Offer,Too Expensive,0,,,,8.0
VE0310,2024-07-17,Bangalore,25-34,Prefer not to say,6-10L,Doctor Recommendation,Ashwagandha,Awareness,,None,0,,,,10.6
VE0311,2024-09-29,Ahmedabad,18-24,Female,6-10L,Word of Mouth,Collagen,Consideration,,Unsure of Efficacy,0,,,,17.0
VE0312,2024-10-31,Hyderabad,25-34,Male,<3L,Instagram,Probiotic,Purchase,Ingredients Quality,None,0,10,Promoter,Customer Support,14.7
VE0313,2024-06-24,Bangalore,18-24,Female,10-20L,Doctor Recommendation,Collagen,Purchase,Brand Trust,None,4000,10,Promoter,Price-Value,12.5
VE0314,2024-11-26,Hyderabad,25-34,Male,10-20L,Facebook,Whey Protein,Purchase,Price,None,1000,8,Passive,Price-Value,7.3
VE0315,2024-08-20,Bangalore,18-24,Male,6-10L,Instagram,Omega-3,Consideration,,None,0,,,,14.7
VE0316,2024-09-14,Hyderabad,35-44,Male,6-10L,Google Search,Vitamin D3,Consideration,,Unsure of Efficacy,0,,,,16.0
VE0317,2024-11-16,Delhi,25-34,Female,20L+,Instagram,Omega-3,Awareness,,Lack of Trust,0,,,,6.7
VE0318,2024-11-10,Delhi,18-24,Male,20L+,YouTube,Whey Protein,Purchase,Ingredients Quality,None,5000,9,Promoter,Customer Support,17.3
VE0319,2024-07-15,Chennai,25-34,Male,6-10L,Doctor Recommendation,Multivitamin,Consideration,,Prefer Offline,0,,,,12.8
VE0320,2024-11-20,Delhi,25-34,Male,3-6L,Offline Store,Collagen,Intent,Influencer,Lack of Trust,0,,,,16.9
VE0321,2024-10-19,Mumbai,45-54,Female,3-6L,Facebook,Multivitamin,Intent,Ingredients Quality,Unsure of Efficacy,0,,,,11.3
VE0322,2024-10-22,Delhi,25-34,Female,10-20L,Facebook,Probiotic,Awareness,,Too Many Options,0,,,,17.5
VE0323,2024-10-23,Bangalore,25-34,Male,10-20L,Word of Mouth,Probiotic,Awareness,,Prefer Offline,0,,,,5.4
VE0324,2024-11-10,Pune,25-34,Female,10-20L,YouTube,Multivitamin,Consideration,,Unsure of Efficacy,0,,,,5.8
VE0325,2024-11-20,Pune,25-34,Female,3-6L,YouTube,Whey Protein,Intent,Discount/Offer,Too Expensive,0,,,,7.7
VE0326,2024-08-01,Ahmedabad,25-34,Male,3-6L,Google Search,Whey Protein,Consideration,,Too Many Options,0,,,,12.8
VE0327,2024-10-17,Jaipur,45-54,Male,3-6L,Doctor Recommendation,Probiotic,Trial,Influencer,Unsure of Efficacy,0,,,,5.2
VE0328,2024-09-17,Bangalore,35-44,Male,6-10L,Word of Mouth,Whey Protein,Awareness,,Lack of Trust,0,,,,8.8
VE0329,2024-06-03,Delhi,25-34,Female,3-6L,Google Search,Multivitamin,Repeat Purchase,Influencer,None,500,8,Passive,Delivery Speed,9.4
VE0330,2024-09-11,Mumbai,18-24,Male,6-10L,Instagram,Whey Protein,Repeat Purchase,Discount/Offer,None,1000,8,Passive,Product Efficacy,10.2
VE0331,2024-07-05,Lucknow,45-54,Male,10-20L,Word of Mouth,Multivitamin,Trial,Price,Lack of Trust,0,,,,15.8
VE0332,2024-06-25,Bangalore,25-34,Male,6-10L,Facebook,Multivitamin,Intent,Discount/Offer,Too Expensive,0,,,,17.7
VE0333,2024-08-12,Mumbai,35-44,Male,10-20L,Doctor Recommendation,Multivitamin,Consideration,,Too Expensive,0,,,,13.1
VE0334,2024-08-26,Bangalore,35-44,Male,20L+,Instagram,Multivitamin,Consideration,,Lack of Trust,0,,,,8.2
VE0335,2024-09-22,Pune,55+,Female,6-10L,YouTube,Whey Protein,Awareness,,Too Expensive,0,,,,13.4
VE0336,2024-11-27,Pune,25-34,Male,<3L,Facebook,Omega-3,Consideration,,Prefer Offline,0,,,,5.9
VE0337,2024-11-06,Delhi,35-44,Female,3-6L,Instagram,Multivitamin,Intent,Price,Too Many Options,0,,,,16.2
VE0338,2024-09-28,Lucknow,35-44,Male,6-10L,Facebook,Ashwagandha,Consideration,,Too Many Options,0,,,,11.6
VE0339,2024-11-11,Hyderabad,45-54,Male,3-6L,Instagram,Multivitamin,Purchase,Price,None,700,8,Passive,Product Efficacy,16.9
VE0340,2024-10-01,Mumbai,35-44,Female,6-10L,Word of Mouth,Omega-3,Consideration,,Prefer Offline,0,,,,6.7
VE0341,2024-11-13,Bangalore,25-34,Male,6-10L,Instagram,Collagen,Awareness,,Lack of Trust,0,,,,8.3
VE0342,2024-10-15,Kolkata,25-34,Female,3-6L,YouTube,Ashwagandha,Intent,Brand Trust,Too Expensive,0,,,,17.6
VE0343,2024-06-06,Delhi,18-24,Male,10-20L,Word of Mouth,Multivitamin,Purchase,Discount/Offer,None,4000,9,Promoter,Product Efficacy,5.6
VE0344,2024-07-08,Delhi,35-44,Male,6-10L,Instagram,Collagen,Awareness,,Shipping Concerns,0,,,,17.7
VE0345,2024-08-03,Bangalore,55+,Male,20L+,Instagram,Ashwagandha,Consideration,,Too Expensive,0,,,,13.7
VE0346,2024-08-19,Jaipur,18-24,Female,10-20L,Google Search,Whey Protein,Purchase,Discount/Offer,None,2000,9,Promoter,Packaging,6.8
VE0347,2024-08-10,Hyderabad,25-34,Male,20L+,Google Search,Ashwagandha,Intent,Brand Trust,Prefer Offline,0,,,,17.1
VE0348,2024-11-08,Delhi,25-34,Male,6-10L,Instagram,Omega-3,Intent,Doctor Recommended,Shipping Concerns,0,,,,4.8
VE0349,2024-09-05,Mumbai,18-24,Female,6-10L,YouTube,Multivitamin,Purchase,Brand Trust,None,1000,3,Detractor,Product Efficacy,8.5
VE0350,2024-08-07,Hyderabad,25-34,Female,6-10L,Word of Mouth,Probiotic,Intent,Doctor Recommended,Too Expensive,0,,,,7.1
VE0351,2024-11-22,Bangalore,35-44,Female,3-6L,Google Search,Whey Protein,Intent,Price,Shipping Concerns,0,,,,5.9
VE0352,2024-07-20,Delhi,35-44,Female,6-10L,Google Search,Ashwagandha,Intent,Price,None,0,,,,13.4
VE0353,2024-06-21,Bangalore,35-44,Male,10-20L,Doctor Recommendation,Collagen,Awareness,,Too Expensive,0,,,,11.6
VE0354,2024-06-19,Kolkata,18-24,Male,6-10L,Instagram,Multivitamin,Intent,Influencer,None,0,,,,14.6
VE0355,2024-11-11,Hyderabad,35-44,Female,6-10L,Instagram,Collagen,Intent,Influencer,Too Many Options,0,,,,16.7
VE0356,2024-10-19,Lucknow,25-34,Male,10-20L,YouTube,Ashwagandha,Trial,Discount/Offer,Unsure of Efficacy,0,,,,10.5
VE0357,2024-09-10,Delhi,18-24,Male,<3L,Instagram,Probiotic,Consideration,,Too Expensive,0,,,,4.8
VE0358,2024-11-24,Kolkata,45-54,Male,6-10L,Google Search,Whey Protein,Trial,Brand Trust,Unsure of Efficacy,0,,,,5.7
VE0359,2024-09-11,Hyderabad,25-34,Male,3-6L,Google Search,Omega-3,Awareness,,Lack of Trust,0,,,,12.5
VE0360,2024-08-16,Delhi,45-54,Male,10-20L,Facebook,Multivitamin,Awareness,,Prefer Offline,0,,,,16.2
VE0361,2024-07-29,Pune,45-54,Female,6-10L,Google Search,Whey Protein,Intent,Doctor Recommended,Lack of Trust,0,,,,5.2
VE0362,2024-09-09,Lucknow,35-44,Female,<3L,YouTube,Collagen,Trial,Influencer,Unsure of Efficacy,0,,,,11.3
VE0363,2024-11-26,Delhi,18-24,Female,6-10L,Google Search,Whey Protein,Consideration,,Unsure of Efficacy,0,,,,8.1
VE0364,2024-09-19,Mumbai,55+,Male,10-20L,YouTube,Multivitamin,Consideration,,Too Expensive,0,,,,6.8
VE0365,2024-08-29,Hyderabad,55+,Male,3-6L,Instagram,Collagen,Intent,Peer Recommendation,Too Expensive,0,,,,7.8
VE0366,2024-11-06,Jaipur,45-54,Female,<3L,Word of Mouth,Whey Protein,Repeat Purchase,Influencer,None,300,8,Passive,Customer Support,17.9
VE0367,2024-11-25,Chennai,18-24,Female,6-10L,Instagram,Whey Protein,Consideration,,Too Many Options,0,,,,10.8
VE0368,2024-06-03,Delhi,35-44,Female,20L+,YouTube,Whey Protein,Consideration,,Unsure of Efficacy,0,,,,11.4
VE0369,2024-06-26,Ahmedabad,25-34,Female,<3L,Instagram,Vitamin D3,Consideration,,Too Expensive,0,,,,9.0
VE0370,2024-09-09,Pune,18-24,Female,3-6L,YouTube,Vitamin D3,Awareness,,Unsure of Efficacy,0,,,,12.9
VE0371,2024-09-08,Ahmedabad,45-54,Male,6-10L,YouTube,Whey Protein,Awareness,,Too Many Options,0,,,,14.4
VE0372,2024-10-12,Lucknow,35-44,Female,3-6L,Instagram,Whey Protein,Awareness,,Shipping Concerns,0,,,,10.6
VE0373,2024-07-04,Mumbai,18-24,Female,10-20L,Doctor Recommendation,Multivitamin,Trial,Discount/Offer,Too Expensive,0,,,,8.8
VE0374,2024-10-21,Hyderabad,35-44,Male,10-20L,Instagram,Whey Protein,Consideration,,None,0,,,,10.5
VE0375,2024-11-11,Jaipur,25-34,Female,<3L,Instagram,Collagen,Intent,Brand Trust,Unsure of Efficacy,0,,,,9.4
VE0376,2024-11-24,Pune,18-24,Female,6-10L,Google Search,Whey Protein,Repeat Purchase,Discount/Offer,None,1500,10,Promoter,Packaging,13.6
VE0377,2024-07-22,Pune,18-24,Female,20L+,Doctor Recommendation,Omega-3,Repeat Purchase,Peer Recommendation,None,7000,9,Promoter,Price-Value,17.2
VE0378,2024-10-25,Hyderabad,25-34,Female,10-20L,Google Search,Omega-3,Awareness,,Too Expensive,0,,,,11.5
VE0379,2024-09-10,Lucknow,18-24,Male,10-20L,Facebook,Whey Protein,Consideration,,Lack of Trust,0,,,,10.7
VE0380,2024-09-17,Mumbai,45-54,Female,20L+,YouTube,Ashwagandha,Purchase,Influencer,None,7000,8,Passive,Price-Value,6.9
VE0381,2024-10-30,Ahmedabad,45-54,Female,<3L,YouTube,Ashwagandha,Intent,Price,Lack of Trust,0,,,,5.7
VE0382,2024-09-07,Pune,55+,Female,3-6L,Google Search,Whey Protein,Intent,Discount/Offer,Too Expensive,0,,,,6.9
VE0383,2024-06-14,Bangalore,25-34,Female,6-10L,Google Search,Whey Protein,Intent,Brand Trust,Prefer Offline,0,,,,11.8
VE0384,2024-06-02,Hyderabad,25-34,Male,6-10L,YouTube,Omega-3,Intent,Brand Trust,Too Many Options,0,,,,5.2
VE0385,2024-07-08,Delhi,25-34,Male,<3L,Google Search,Ashwagandha,Trial,Brand Trust,Unsure of Efficacy,0,,,,17.5
VE0386,2024-10-27,Mumbai,18-24,Female,3-6L,Doctor Recommendation,Collagen,Awareness,,Shipping Concerns,0,,,,8.5
VE0387,2024-07-05,Delhi,45-54,Male,6-10L,Instagram,Whey Protein,Intent,Influencer,Too Expensive,0,,,,10.3
VE0388,2024-08-21,Mumbai,35-44,Female,20L+,Google Search,Omega-3,Awareness,,Prefer Offline,0,,,,16.4
VE0389,2024-07-30,Chennai,55+,Male,<3L,Google Search,Whey Protein,Awareness,,Lack of Trust,0,,,,10.1
VE0390,2024-08-25,Mumbai,45-54,Male,6-10L,Word of Mouth,Multivitamin,Intent,Peer Recommendation,Too Expensive,0,,,,9.1
VE0391,2024-10-24,Hyderabad,18-24,Male,3-6L,YouTube,Ashwagandha,Awareness,,Lack of Trust,0,,,,11.0
VE0392,2024-11-08,Bangalore,45-54,Female,6-10L,Doctor Recommendation,Probiotic,Intent,Ingredients Quality,Too Many Options,0,,,,7.3
VE0393,2024-11-23,Mumbai,45-54,Female,<3L,Instagram,Collagen,Intent,Brand Trust,Too Many Options,0,,,,12.5
VE0394,2024-08-18,Chennai,25-34,Male,6-10L,Google Search,Multivitamin,Consideration,,Too Expensive,0,,,,6.9
VE0395,2024-09-04,Pune,35-44,Female,6-10L,Instagram,Omega-3,Intent,Peer Recommendation,Prefer Offline,0,,,,6.4
VE0396,2024-06-26,Kolkata,55+,Female,3-6L,Word of Mouth,Omega-3,Trial,Ingredients Quality,Too Many Options,0,,,,9.0
VE0397,2024-06-12,Delhi,35-44,Female,<3L,Word of Mouth,Ashwagandha,Purchase,Ingredients Quality,None,300,5,Detractor,Packaging,4.7
VE0398,2024-11-07,Hyderabad,18-24,Female,6-10L,Instagram,Vitamin D3,Awareness,,Too Many Options,0,,,,5.5
VE0399,2024-11-04,Ahmedabad,35-44,Male,<3L,Facebook,Whey Protein,Trial,Discount/Offer,Too Many Options,0,,,,12.8
VE0400,2024-08-19,Mumbai,25-34,Female,10-20L,Instagram,Probiotic,Awareness,,Too Many Options,0,,,,15.5
VE0401,2024-11-26,Bangalore,25-34,Female,10-20L,YouTube,Multivitamin,Consideration,,Too Many Options,0,,,,9.8
VE0402,2024-11-27,Ahmedabad,25-34,Female,3-6L,Google Search,Whey Protein,Intent,Brand Trust,Unsure of Efficacy,0,,,,11.4
VE0403,2024-09-12,Kolkata,45-54,Male,6-10L,Word of Mouth,Omega-3,Intent,Influencer,None,0,,,,5.4
VE0404,2024-07-24,Kolkata,35-44,Female,6-10L,Word of Mouth,Omega-3,Consideration,,Too Expensive,0,,,,6.0
VE0405,2024-10-31,Bangalore,35-44,Female,3-6L,Facebook,Whey Protein,Consideration,,Lack of Trust,0,,,,8.9
VE0406,2024-11-13,Chennai,18-24,Female,10-20L,Facebook,Ashwagandha,Repeat Purchase,Ingredients Quality,None,2000,6,Detractor,Taste/Texture,8.5
VE0407,2024-11-21,Mumbai,55+,Male,20L+,YouTube,Whey Protein,Consideration,,Unsure of Efficacy,0,,,,16.0
VE0408,2024-06-16,Mumbai,35-44,Male,10-20L,Doctor Recommendation,Multivitamin,Awareness,,Shipping Concerns,0,,,,10.3
VE0409,2024-10-30,Bangalore,25-34,Male,6-10L,Google Search,Ashwagandha,Trial,Peer Recommendation,Too Expensive,0,,,,6.3
VE0410,2024-06-19,Chennai,18-24,Female,6-10L,Offline Store,Whey Protein,Consideration,,Shipping Concerns,0,,,,12.9
VE0411,2024-09-25,Bangalore,35-44,Male,3-6L,Instagram,Ashwagandha,Consideration,,Unsure of Efficacy,0,,,,10.0
VE0412,2024-10-18,Hyderabad,18-24,Male,6-10L,YouTube,Ashwagandha,Awareness,,Too Expensive,0,,,,10.8
VE0413,2024-06-21,Bangalore,35-44,Male,6-10L,Word of Mouth,Ashwagandha,Intent,Ingredients Quality,Shipping Concerns,0,,,,10.8
VE0414,2024-10-10,Ahmedabad,35-44,Male,3-6L,Offline Store,Multivitamin,Consideration,,Too Many Options,0,,,,14.3
VE0415,2024-10-23,Mumbai,35-44,Female,6-10L,Google Search,Multivitamin,Awareness,,Too Expensive,0,,,,5.6
VE0416,2024-10-08,Delhi,45-54,Male,6-10L,Instagram,Multivitamin,Awareness,,Too Many Options,0,,,,13.4
VE0417,2024-09-03,Kolkata,25-34,Female,6-10L,Word of Mouth,Probiotic,Trial,Brand Trust,Prefer Offline,0,,,,14.9
VE0418,2024-07-31,Chennai,35-44,Male,6-10L,Doctor Recommendation,Whey Protein,Consideration,,Too Expensive,0,,,,9.9
VE0419,2024-08-17,Bangalore,55+,Female,3-6L,Word of Mouth,Multivitamin,Purchase,Doctor Recommended,None,700,10,Promoter,Delivery Speed,5.1
VE0420,2024-10-15,Chennai,55+,Male,20L+,Doctor Recommendation,Multivitamin,Intent,Doctor Recommended,Lack of Trust,0,,,,14.4
VE0421,2024-10-29,Pune,25-34,Female,20L+,YouTube,Whey Protein,Purchase,Doctor Recommended,None,5000,6,Detractor,Product Efficacy,12.9
VE0422,2024-06-15,Jaipur,35-44,Female,20L+,Google Search,Ashwagandha,Consideration,,Too Expensive,0,,,,16.6
VE0423,2024-11-26,Delhi,25-34,Female,<3L,YouTube,Vitamin D3,Awareness,,Lack of Trust,0,,,,8.0
VE0424,2024-06-19,Mumbai,18-24,Male,20L+,Instagram,Collagen,Intent,Brand Trust,Unsure of Efficacy,0,,,,6.0
VE0425,2024-10-17,Pune,25-34,Female,20L+,Word of Mouth,Whey Protein,Purchase,Brand Trust,None,2000,10,Promoter,Customer Support,8.1
VE0426,2024-11-27,Mumbai,25-34,Male,10-20L,Word of Mouth,Omega-3,Consideration,,Lack of Trust,0,,,,11.8
VE0427,2024-06-01,Bangalore,35-44,Female,3-6L,Google Search,Vitamin D3,Trial,Ingredients Quality,Unsure of Efficacy,0,,,,5.6
VE0428,2024-09-26,Pune,25-34,Male,6-10L,Facebook,Ashwagandha,Trial,Influencer,Shipping Concerns,0,,,,14.4
VE0429,2024-07-06,Delhi,18-24,Prefer not to say,3-6L,YouTube,Collagen,Intent,Peer Recommendation,None,0,,,,5.0
VE0430,2024-06-15,Mumbai,35-44,Male,3-6L,Google Search,Omega-3,Awareness,,Shipping Concerns,0,,,,14.5
VE0431,2024-07-30,Jaipur,18-24,Male,6-10L,YouTube,Probiotic,Consideration,,Too Expensive,0,,,,13.0
VE0432,2024-08-18,Kolkata,18-24,Female,10-20L,Instagram,Collagen,Consideration,,Too Many Options,0,,,,15.4
VE0433,2024-09-18,Mumbai,45-54,Female,6-10L,Instagram,Ashwagandha,Intent,Brand Trust,Too Expensive,0,,,,9.0
VE0434,2024-07-01,Mumbai,35-44,Male,3-6L,Instagram,Multivitamin,Intent,Ingredients Quality,Unsure of Efficacy,0,,,,4.7
VE0435,2024-10-03,Delhi,18-24,Female,10-20L,Google Search,Multivitamin,Consideration,,Prefer Offline,0,,,,7.3
VE0436,2024-11-11,Mumbai,25-34,Male,3-6L,Word of Mouth,Ashwagandha,Consideration,,Too Expensive,0,,,,9.2
VE0437,2024-06-02,Hyderabad,25-34,Prefer not to say,20L+,Google Search,Probiotic,Awareness,,Prefer Offline,0,,,,14.9
VE0438,2024-11-16,Mumbai,18-24,Male,3-6L,Doctor Recommendation,Probiotic,Intent,Price,Unsure of Efficacy,0,,,,10.4
VE0439,2024-08-25,Hyderabad,45-54,Male,<3L,Instagram,Omega-3,Intent,Price,Unsure of Efficacy,0,,,,12.5
VE0440,2024-08-23,Bangalore,35-44,Female,3-6L,Instagram,Multivitamin,Trial,Price,Too Many Options,0,,,,16.5
VE0441,2024-07-08,Mumbai,35-44,Male,6-10L,YouTube,Whey Protein,Purchase,Brand Trust,None,500,10,Promoter,Price-Value,6.8
VE0442,2024-08-27,Mumbai,25-34,Male,10-20L,Facebook,Probiotic,Purchase,Discount/Offer,None,2000,9,Promoter,Taste/Texture,8.3
VE0443,2024-09-18,Pune,25-34,Male,6-10L,Doctor Recommendation,Ashwagandha,Trial,Price,Prefer Offline,0,,,,10.2
VE0444,2024-09-09,Bangalore,45-54,Female,6-10L,Instagram,Omega-3,Consideration,,None,0,,,,9.3
VE0445,2024-08-01,Chennai,18-24,Male,3-6L,Word of Mouth,Probiotic,Awareness,,Too Expensive,0,,,,10.8
VE0446,2024-07-06,Ahmedabad,25-34,Female,6-10L,YouTube,Ashwagandha,Awareness,,Too Expensive,0,,,,11.7
VE0447,2024-08-15,Bangalore,25-34,Female,6-10L,Word of Mouth,Collagen,Consideration,,Lack of Trust,0,,,,11.4
VE0448,2024-11-20,Mumbai,18-24,Male,6-10L,Instagram,Multivitamin,Consideration,,Too Many Options,0,,,,6.4
VE0449,2024-08-25,Mumbai,18-24,Male,20L+,Google Search,Vitamin D3,Consideration,,Unsure of Efficacy,0,,,,16.6
VE0450,2024-10-07,Chennai,25-34,Male,3-6L,Google Search,Omega-3,Consideration,,Too Many Options,0,,,,10.6
VE0451,2024-09-03,Kolkata,55+,Female,20L+,Instagram,Probiotic,Intent,Doctor Recommended,None,0,,,,6.7
VE0452,2024-06-29,Chennai,25-34,Female,6-10L,Google Search,Multivitamin,Awareness,,Too Many Options,0,,,,10.9
VE0453,2024-09-16,Bangalore,35-44,Male,<3L,Doctor Recommendation,Multivitamin,Awareness,,Too Many Options,0,,,,12.3
VE0454,2024-11-15,Chennai,25-34,Female,10-20L,Doctor Recommendation,Omega-3,Intent,Brand Trust,Unsure of Efficacy,0,,,,9.5
VE0455,2024-08-13,Pune,18-24,Male,6-10L,Instagram,Probiotic,Intent,Peer Recommendation,Lack of Trust,0,,,,6.7
VE0456,2024-06-30,Delhi,25-34,Male,3-6L,Instagram,Omega-3,Purchase,Brand Trust,None,700,4,Detractor,Product Efficacy,17.1
VE0457,2024-07-08,Jaipur,55+,Male,20L+,Google Search,Omega-3,Intent,Discount/Offer,Lack of Trust,0,,,,15.3
VE0458,2024-09-22,Mumbai,18-24,Male,<3L,Word of Mouth,Whey Protein,Consideration,,Unsure of Efficacy,0,,,,5.7
VE0459,2024-06-15,Hyderabad,25-34,Female,10-20L,Word of Mouth,Whey Protein,Consideration,,Too Many Options,0,,,,17.7
VE0460,2024-09-09,Delhi,25-34,Female,20L+,Facebook,Multivitamin,Consideration,,Unsure of Efficacy,0,,,,4.7
VE0461,2024-08-28,Mumbai,55+,Female,<3L,Word of Mouth,Omega-3,Awareness,,Lack of Trust,0,,,,6.7
VE0462,2024-09-17,Pune,25-34,Female,6-10L,Instagram,Multivitamin,Awareness,,Prefer Offline,0,,,,5.4
VE0463,2024-10-30,Pune,18-24,Male,20L+,YouTube,Omega-3,Consideration,,Too Expensive,0,,,,15.7
VE0464,2024-08-14,Hyderabad,18-24,Female,10-20L,YouTube,Omega-3,Purchase,Peer Recommendation,None,4000,4,Detractor,Customer Support,8.4
VE0465,2024-07-16,Bangalore,35-44,Male,<3L,Instagram,Vitamin D3,Consideration,,Too Many Options,0,,,,16.2
VE0466,2024-11-08,Chennai,55+,Female,6-10L,Word of Mouth,Whey Protein,Consideration,,Too Expensive,0,,,,16.4
VE0467,2024-07-05,Mumbai,18-24,Male,6-10L,Facebook,Whey Protein,Consideration,,Too Expensive,0,,,,14.8
VE0468,2024-07-17,Pune,35-44,Male,3-6L,YouTube,Collagen,Awareness,,Unsure of Efficacy,0,,,,5.8
VE0469,2024-10-27,Mumbai,18-24,Male,3-6L,Word of Mouth,Multivitamin,Awareness,,Too Expensive,0,,,,6.6
VE0470,2024-07-27,Kolkata,45-54,Female,10-20L,Facebook,Collagen,Consideration,,Lack of Trust,0,,,,10.7
VE0471,2024-06-20,Delhi,18-24,Male,3-6L,Word of Mouth,Whey Protein,Consideration,,Prefer Offline,0,,,,6.8
VE0472,2024-08-17,Delhi,45-54,Male,10-20L,Instagram,Multivitamin,Trial,Peer Recommendation,Too Expensive,0,,,,14.7
VE0473,2024-06-11,Delhi,18-24,Female,6-10L,YouTube,Probiotic,Repeat Purchase,Ingredients Quality,None,1000,5,Detractor,Price-Value,5.7
VE0474,2024-08-11,Jaipur,25-34,Male,6-10L,Word of Mouth,Multivitamin,Intent,Price,Too Expensive,0,,,,17.5
VE0475,2024-07-14,Ahmedabad,35-44,Prefer not to say,<3L,Instagram,Omega-3,Intent,Influencer,None,0,,,,15.8
VE0476,2024-09-06,Bangalore,25-34,Male,10-20L,YouTube,Omega-3,Purchase,Price,None,4000,4,Detractor,Packaging,12.6
VE0477,2024-08-19,Chennai,45-54,Male,6-10L,Offline Store,Omega-3,Awareness,,Shipping Concerns,0,,,,17.2
VE0478,2024-09-03,Delhi,55+,Male,<3L,YouTube,Ashwagandha,Repeat Purchase,Discount/Offer,None,200,3,Detractor,Taste/Texture,9.1
VE0479,2024-10-31,Kolkata,25-34,Male,6-10L,Google Search,Collagen,Awareness,,Too Many Options,0,,,,9.3
VE0480,2024-11-18,Hyderabad,25-34,Male,3-6L,Word of Mouth,Whey Protein,Intent,Price,Too Expensive,0,,,,15.7
VE0481,2024-10-06,Chennai,55+,Male,10-20L,Instagram,Ashwagandha,Intent,Peer Recommendation,Lack of Trust,0,,,,8.5
VE0482,2024-10-06,Bangalore,25-34,Male,10-20L,Google Search,Vitamin D3,Intent,Doctor Recommended,Unsure of Efficacy,0,,,,10.5
VE0483,2024-06-10,Delhi,35-44,Female,3-6L,Word of Mouth,Omega-3,Consideration,,Prefer Offline,0,,,,12.2
VE0484,2024-10-04,Chennai,35-44,Female,6-10L,Doctor Recommendation,Omega-3,Intent,Ingredients Quality,Unsure of Efficacy,0,,,,8.8
VE0485,2024-06-08,Hyderabad,18-24,Male,10-20L,Google Search,Collagen,Trial,Doctor Recommended,Too Expensive,0,,,,7.8
VE0486,2024-11-13,Mumbai,18-24,Female,10-20L,Instagram,Whey Protein,Intent,Doctor Recommended,Prefer Offline,0,,,,8.1
VE0487,2024-11-26,Bangalore,18-24,Male,6-10L,YouTube,Whey Protein,Consideration,,Too Expensive,0,,,,11.3
VE0488,2024-11-18,Mumbai,35-44,Male,6-10L,Google Search,Collagen,Awareness,,Shipping Concerns,0,,,,8.4
VE0489,2024-06-13,Mumbai,35-44,Female,6-10L,Facebook,Ashwagandha,Consideration,,Unsure of Efficacy,0,,,,10.3
VE0490,2024-08-28,Kolkata,35-44,Male,10-20L,YouTube,Omega-3,Intent,Influencer,Lack of Trust,0,,,,16.4
VE0491,2024-11-08,Chennai,45-54,Female,3-6L,Facebook,Ashwagandha,Consideration,,Prefer Offline,0,,,,17.1
VE0492,2024-11-08,Delhi,25-34,Male,3-6L,Word of Mouth,Collagen,Awareness,,Unsure of Efficacy,0,,,,13.1
VE0493,2024-09-14,Mumbai,25-34,Male,10-20L,Instagram,Multivitamin,Intent,Doctor Recommended,Prefer Offline,0,,,,10.2
VE0494,2024-06-10,Mumbai,25-34,Male,10-20L,Instagram,Omega-3,Intent,Peer Recommendation,Too Expensive,0,,,,8.7
VE0495,2024-08-16,Ahmedabad,45-54,Male,3-6L,Google Search,Whey Protein,Awareness,,Lack of Trust,0,,,,7.7
VE0496,2024-10-25,Pune,55+,Female,10-20L,Facebook,Vitamin D3,Consideration,,Unsure of Efficacy,0,,,,14.9
VE0497,2024-08-20,Mumbai,35-44,Male,10-20L,Instagram,Omega-3,Intent,Influencer,Unsure of Efficacy,0,,,,11.1
VE0498,2024-09-04,Chennai,18-24,Female,6-10L,Instagram,Multivitamin,Awareness,,Too Expensive,0,,,,14.2
VE0499,2024-08-18,Delhi,55+,Female,10-20L,Word of Mouth,Vitamin D3,Consideration,,Unsure of Efficacy,0,,,,8.7
VE0500,2024-11-27,Mumbai,45-54,Male,10-20L,Doctor Recommendation,Multivitamin,Awareness,,Unsure of Efficacy,0,,,,8.6
VE0501,2024-07-31,Mumbai,45-54,Male,6-10L,YouTube,Collagen,Consideration,,Unsure of Efficacy,0,,,,15.6
VE0502,2024-10-04,Bangalore,25-34,Female,10-20L,Doctor Recommendation,Collagen,Awareness,,Lack of Trust,0,,,,9.3
VE0503,2024-11-02,Pune,35-44,Male,10-20L,Word of Mouth,Ashwagandha,Intent,Price,Too Expensive,0,,,,8.7
VE0504,2024-06-22,Delhi,25-34,Female,10-20L,Google Search,Whey Protein,Intent,Influencer,Shipping Concerns,0,,,,8.0
VE0505,2024-11-23,Hyderabad,25-34,Male,<3L,YouTube,Multivitamin,Consideration,,Too Many Options,0,,,,17.3
VE0506,2024-10-21,Chennai,35-44,Female,20L+,Instagram,Ashwagandha,Repeat Purchase,Doctor Recommended,None,2000,0,Detractor,Customer Support,14.9
VE0507,2024-09-25,Kolkata,25-34,Male,3-6L,Facebook,Collagen,Consideration,,Unsure of Efficacy,0,,,,16.1
VE0508,2024-11-01,Mumbai,45-54,Female,3-6L,Instagram,Collagen,Consideration,,Unsure of Efficacy,0,,,,16.7
VE0509,2024-09-03,Hyderabad,35-44,Male,6-10L,Doctor Recommendation,Vitamin D3,Purchase,Price,None,500,2,Detractor,Taste/Texture,10.9
VE0510,2024-08-30,Lucknow,55+,Prefer not to say,6-10L,Word of Mouth,Whey Protein,Consideration,,Unsure of Efficacy,0,,,,13.6
VE0511,2024-07-04,Lucknow,35-44,Female,3-6L,Google Search,Vitamin D3,Awareness,,Too Expensive,0,,,,14.1
VE0512,2024-09-19,Delhi,18-24,Male,3-6L,Doctor Recommendation,Collagen,Awareness,,None,0,,,,16.7
VE0513,2024-08-07,Hyderabad,35-44,Male,3-6L,Doctor Recommendation,Multivitamin,Awareness,,Lack of Trust,0,,,,12.0
VE0514,2024-11-16,Chennai,25-34,Male,<3L,Instagram,Omega-3,Trial,Influencer,Prefer Offline,0,,,,10.7
VE0515,2024-06-29,Kolkata,45-54,Male,<3L,Doctor Recommendation,Whey Protein,Trial,Ingredients Quality,Too Many Options,0,,,,11.6
VE0516,2024-10-25,Delhi,55+,Male,6-10L,Instagram,Multivitamin,Consideration,,Too Expensive,0,,,,12.5
VE0517,2024-06-28,Kolkata,18-24,Male,10-20L,Google Search,Omega-3,Awareness,,Too Many Options,0,,,,8.9
VE0518,2024-06-12,Chennai,55+,Male,10-20L,Word of Mouth,Vitamin D3,Repeat Purchase,Price,None,1000,8,Passive,Customer Support,5.7
VE0519,2024-08-05,Delhi,55+,Female,<3L,Doctor Recommendation,Whey Protein,Awareness,,Unsure of Efficacy,0,,,,6.1
VE0520,2024-10-04,Kolkata,35-44,Female,20L+,Google Search,Multivitamin,Repeat Purchase,Brand Trust,None,7000,3,Detractor,Price-Value,9.5
VE0521,2024-07-18,Bangalore,25-34,Male,3-6L,YouTube,Multivitamin,Purchase,Doctor Recommended,None,1000,3,Detractor,Delivery Speed,8.6
VE0522,2024-07-03,Chennai,25-34,Male,6-10L,Google Search,Omega-3,Awareness,,Prefer Offline,0,,,,10.1
VE0523,2024-09-27,Chennai,35-44,Male,3-6L,Instagram,Omega-3,Consideration,,Too Expensive,0,,,,15.9
VE0524,2024-06-12,Delhi,45-54,Male,6-10L,YouTube,Ashwagandha,Intent,Discount/Offer,Too Expensive,0,,,,5.6
VE0525,2024-11-02,Mumbai,35-44,Male,<3L,YouTube,Whey Protein,Purchase,Peer Recommendation,None,300,9,Promoter,Taste/Texture,9.4
VE0526,2024-11-20,Lucknow,35-44,Female,<3L,Instagram,Whey Protein,Awareness,,Lack of Trust,0,,,,16.1
VE0527,2024-07-24,Bangalore,18-24,Male,10-20L,Doctor Recommendation,Omega-3,Consideration,,Too Expensive,0,,,,4.8
VE0528,2024-07-13,Ahmedabad,35-44,Male,6-10L,Instagram,Omega-3,Intent,Doctor Recommended,Unsure of Efficacy,0,,,,13.0
VE0529,2024-09-19,Lucknow,45-54,Female,6-10L,Google Search,Multivitamin,Intent,Ingredients Quality,Too Many Options,0,,,,7.6
VE0530,2024-06-16,Bangalore,25-34,Male,<3L,Doctor Recommendation,Multivitamin,Intent,Doctor Recommended,Lack of Trust,0,,,,6.7
VE0531,2024-07-20,Bangalore,25-34,Male,6-10L,Word of Mouth,Probiotic,Awareness,,Lack of Trust,0,,,,6.3
VE0532,2024-08-15,Pune,25-34,Male,20L+,Google Search,Multivitamin,Consideration,,Too Expensive,0,,,,8.3
VE0533,2024-06-23,Chennai,18-24,Male,6-10L,Instagram,Multivitamin,Awareness,,Unsure of Efficacy,0,,,,12.0
VE0534,2024-06-05,Mumbai,25-34,Female,3-6L,Doctor Recommendation,Omega-3,Awareness,,Unsure of Efficacy,0,,,,12.8
VE0535,2024-07-01,Hyderabad,25-34,Prefer not to say,10-20L,Word of Mouth,Collagen,Consideration,,Shipping Concerns,0,,,,14.0
VE0536,2024-09-21,Kolkata,55+,Female,20L+,Word of Mouth,Ashwagandha,Awareness,,Too Expensive,0,,,,11.3
VE0537,2024-07-13,Hyderabad,45-54,Female,3-6L,YouTube,Omega-3,Consideration,,Too Expensive,0,,,,9.0
VE0538,2024-07-06,Delhi,25-34,Prefer not to say,10-20L,Instagram,Collagen,Purchase,Doctor Recommended,None,2000,5,Detractor,Delivery Speed,10.2
VE0539,2024-07-29,Delhi,25-34,Female,20L+,Facebook,Omega-3,Consideration,,Prefer Offline,0,,,,14.2
VE0540,2024-10-11,Jaipur,18-24,Male,20L+,Instagram,Whey Protein,Awareness,,Too Many Options,0,,,,16.7
VE0541,2024-06-15,Lucknow,55+,Female,10-20L,Offline Store,Multivitamin,Awareness,,Lack of Trust,0,,,,14.2
VE0542,2024-08-20,Ahmedabad,18-24,Male,6-10L,Facebook,Ashwagandha,Intent,Peer Recommendation,Too Many Options,0,,,,16.5
VE0543,2024-11-14,Bangalore,25-34,Male,<3L,YouTube,Ashwagandha,Awareness,,Too Expensive,0,,,,7.4
VE0544,2024-10-09,Hyderabad,25-34,Female,3-6L,Instagram,Collagen,Intent,Peer Recommendation,None,0,,,,14.4
VE0545,2024-09-04,Mumbai,25-34,Male,10-20L,Facebook,Omega-3,Purchase,Ingredients Quality,None,2000,7,Passive,Packaging,15.1
VE0546,2024-10-25,Chennai,35-44,Male,3-6L,YouTube,Ashwagandha,Awareness,,Unsure of Efficacy,0,,,,6.5
VE0547,2024-09-17,Kolkata,18-24,Male,10-20L,YouTube,Omega-3,Intent,Influencer,Unsure of Efficacy,0,,,,12.4
VE0548,2024-11-10,Bangalore,25-34,Female,6-10L,Offline Store,Collagen,Intent,Price,Lack of Trust,0,,,,13.9
VE0549,2024-09-25,Bangalore,35-44,Female,3-6L,Facebook,Ashwagandha,Intent,Price,Too Expensive,0,,,,8.6
VE0550,2024-09-04,Mumbai,25-34,Female,3-6L,Google Search,Whey Protein,Awareness,,Shipping Concerns,0,,,,7.0
VE0551,2024-10-04,Delhi,35-44,Male,<3L,Google Search,Multivitamin,Trial,Peer Recommendation,Too Expensive,0,,,,11.3
VE0552,2024-09-26,Pune,35-44,Male,10-20L,Instagram,Ashwagandha,Intent,Doctor Recommended,Too Expensive,0,,,,14.4
VE0553,2024-11-13,Delhi,18-24,Male,6-10L,Word of Mouth,Multivitamin,Consideration,,Too Expensive,0,,,,17.4
VE0554,2024-10-12,Delhi,25-34,Female,3-6L,Facebook,Whey Protein,Consideration,,Unsure of Efficacy,0,,,,5.6
VE0555,2024-10-15,Hyderabad,25-34,Male,10-20L,Instagram,Omega-3,Consideration,,Unsure of Efficacy,0,,,,5.7
VE0556,2024-06-26,Hyderabad,25-34,Male,10-20L,Instagram,Vitamin D3,Intent,Brand Trust,Lack of Trust,0,,,,9.8
VE0557,2024-08-21,Delhi,45-54,Male,20L+,Doctor Recommendation,Whey Protein,Consideration,,Unsure of Efficacy,0,,,,17.3
VE0558,2024-08-08,Delhi,25-34,Male,6-10L,YouTube,Multivitamin,Awareness,,Unsure of Efficacy,0,,,,7.8
VE0559,2024-10-21,Chennai,18-24,Female,6-10L,Doctor Recommendation,Omega-3,Awareness,,Too Expensive,0,,,,15.1
VE0560,2024-10-16,Jaipur,55+,Female,<3L,Doctor Recommendation,Vitamin D3,Consideration,,Too Expensive,0,,,,17.1
VE0561,2024-10-02,Mumbai,25-34,Female,20L+,Doctor Recommendation,Whey Protein,Awareness,,Unsure of Efficacy,0,,,,14.5
VE0562,2024-10-23,Delhi,18-24,Female,10-20L,Word of Mouth,Vitamin D3,Awareness,,Too Expensive,0,,,,16.4
VE0563,2024-08-27,Chennai,55+,Female,3-6L,Word of Mouth,Multivitamin,Consideration,,Unsure of Efficacy,0,,,,13.2
VE0564,2024-06-01,Hyderabad,18-24,Male,3-6L,Google Search,Ashwagandha,Trial,Ingredients Quality,Prefer Offline,0,,,,13.6
VE0565,2024-08-30,Lucknow,25-34,Female,6-10L,Doctor Recommendation,Collagen,Awareness,,Too Expensive,0,,,,17.1
VE0566,2024-09-22,Delhi,35-44,Female,10-20L,Word of Mouth,Whey Protein,Awareness,,Too Many Options,0,,,,7.7
VE0567,2024-10-05,Lucknow,18-24,Male,10-20L,Google Search,Whey Protein,Awareness,,Too Many Options,0,,,,16.2
VE0568,2024-10-24,Bangalore,18-24,Male,10-20L,Word of Mouth,Ashwagandha,Consideration,,Lack of Trust,0,,,,8.0
VE0569,2024-10-24,Kolkata,45-54,Female,3-6L,Doctor Recommendation,Whey Protein,Awareness,,Too Many Options,0,,,,13.7
VE0570,2024-09-25,Delhi,25-34,Female,6-10L,Doctor Recommendation,Multivitamin,Awareness,,Unsure of Efficacy,0,,,,13.7
VE0571,2024-09-28,Bangalore,25-34,Male,10-20L,Instagram,Probiotic,Purchase,Peer Recommendation,None,2000,10,Promoter,Price-Value,5.5
VE0572,2024-08-03,Delhi,25-34,Male,6-10L,Instagram,Omega-3,Consideration,,None,0,,,,7.8
VE0573,2024-09-30,Mumbai,25-34,Male,3-6L,Word of Mouth,Vitamin D3,Awareness,,Too Many Options,0,,,,12.9
VE0574,2024-10-27,Delhi,55+,Female,6-10L,Doctor Recommendation,Ashwagandha,Awareness,,Too Expensive,0,,,,5.2
VE0575,2024-11-04,Hyderabad,18-24,Female,6-10L,YouTube,Multivitamin,Consideration,,Unsure of Efficacy,0,,,,10.6
VE0576,2024-09-27,Kolkata,45-54,Female,3-6L,Facebook,Collagen,Purchase,Price,None,500,10,Promoter,Product Efficacy,11.4
VE0577,2024-08-30,Bangalore,35-44,Male,3-6L,Word of Mouth,Whey Protein,Intent,Peer Recommendation,Unsure of Efficacy,0,,,,6.5
VE0578,2024-08-19,Hyderabad,25-34,Prefer not to say,6-10L,Google Search,Whey Protein,Consideration,,Too Many Options,0,,,,10.2
VE0579,2024-07-21,Lucknow,35-44,Male,<3L,Instagram,Omega-3,Intent,Peer Recommendation,Too Many Options,0,,,,12.8
VE0580,2024-09-16,Mumbai,18-24,Female,20L+,Google Search,Probiotic,Consideration,,Prefer Offline,0,,,,7.7
VE0581,2024-08-24,Kolkata,25-34,Male,10-20L,Instagram,Whey Protein,Purchase,Discount/Offer,None,3000,2,Detractor,Product Efficacy,7.2
VE0582,2024-07-15,Mumbai,25-34,Male,10-20L,Instagram,Whey Protein,Trial,Price,Too Many Options,0,,,,9.1
VE0583,2024-07-24,Mumbai,25-34,Female,6-10L,Facebook,Vitamin D3,Awareness,,Shipping Concerns,0,,,,6.1
VE0584,2024-07-04,Kolkata,25-34,Male,6-10L,Google Search,Vitamin D3,Intent,Brand Trust,Prefer Offline,0,,,,8.9
VE0585,2024-06-14,Hyderabad,25-34,Male,6-10L,Google Search,Omega-3,Awareness,,Lack of Trust,0,,,,6.8
VE0586,2024-09-08,Pune,35-44,Male,6-10L,YouTube,Multivitamin,Consideration,,Lack of Trust,0,,,,10.9
VE0587,2024-10-27,Bangalore,55+,Female,<3L,Instagram,Whey Protein,Awareness,,Unsure of Efficacy,0,,,,10.2
VE0588,2024-09-05,Hyderabad,55+,Male,6-10L,Instagram,Whey Protein,Intent,Influencer,Too Many Options,0,,,,10.6
VE0589,2024-09-19,Bangalore,45-54,Male,6-10L,Instagram,Multivitamin,Trial,Influencer,Too Many Options,0,,,,17.0
VE0590,2024-06-26,Delhi,25-34,Female,3-6L,Word of Mouth,Multivitamin,Awareness,,Lack of Trust,0,,,,7.1
VE0591,2024-11-02,Lucknow,55+,Female,10-20L,Facebook,Whey Protein,Consideration,,Lack of Trust,0,,,,17.3
VE0592,2024-10-27,Pune,18-24,Female,20L+,Facebook,Probiotic,Consideration,,Too Expensive,0,,,,11.5
VE0593,2024-10-20,Pune,35-44,Male,10-20L,YouTube,Whey Protein,Awareness,,Lack of Trust,0,,,,10.4
VE0594,2024-10-21,Delhi,18-24,Female,3-6L,Word of Mouth,Omega-3,Purchase,Peer Recommendation,None,700,7,Passive,Product Efficacy,15.1
VE0595,2024-07-06,Delhi,55+,Male,6-10L,Google Search,Ashwagandha,Awareness,,None,0,,,,17.3
VE0596,2024-06-17,Hyderabad,25-34,Male,6-10L,YouTube,Probiotic,Intent,Price,Too Many Options,0,,,,4.9
VE0597,2024-07-21,Delhi,55+,Male,3-6L,Google Search,Whey Protein,Trial,Doctor Recommended,Too Expensive,0,,,,6.2
VE0598,2024-09-16,Bangalore,18-24,Female,10-20L,Instagram,Whey Protein,Consideration,,Prefer Offline,0,,,,12.4
VE0599,2024-10-07,Pune,25-34,Male,20L+,YouTube,Collagen,Purchase,Influencer,None,2000,9,Promoter,Packaging,16.4
VE0600,2024-09-25,Mumbai,45-54,Female,6-10L,Doctor Recommendation,Collagen,Intent,Influencer,Unsure of Efficacy,0,,,,13.9
VE0601,2024-06-25,Bangalore,55+,Male,10-20L,Instagram,Ashwagandha,Consideration,,Lack of Trust,0,,,,16.8
VE0602,2024-09-14,Lucknow,35-44,Prefer not to say,<3L,Instagram,Collagen,Purchase,Price,None,500,7,Passive,Delivery Speed,16.1
VE0603,2024-09-10,Delhi,25-34,Female,3-6L,Word of Mouth,Omega-3,Intent,Ingredients Quality,Prefer Offline,0,,,,15.6
VE0604,2024-07-12,Delhi,18-24,Male,3-6L,Google Search,Multivitamin,Consideration,,Too Many Options,0,,,,10.4
VE0605,2024-07-16,Mumbai,18-24,Female,3-6L,Word of Mouth,Collagen,Awareness,,Too Many Options,0,,,,9.8
VE0606,2024-08-18,Bangalore,35-44,Male,6-10L,Instagram,Multivitamin,Awareness,,Too Expensive,0,,,,10.2
VE0607,2024-06-04,Mumbai,25-34,Female,3-6L,Doctor Recommendation,Collagen,Awareness,,Too Expensive,0,,,,5.1
VE0608,2024-10-10,Delhi,25-34,Female,3-6L,Instagram,Omega-3,Awareness,,Too Expensive,0,,,,5.9
VE0609,2024-08-22,Delhi,25-34,Male,6-10L,YouTube,Whey Protein,Awareness,,Too Many Options,0,,,,5.1
VE0610,2024-07-26,Bangalore,35-44,Male,20L+,Word of Mouth,Collagen,Awareness,,Too Many Options,0,,,,17.4
VE0611,2024-11-01,Mumbai,35-44,Male,20L+,Word of Mouth,Whey Protein,Consideration,,Too Many Options,0,,,,5.4
VE0612,2024-06-05,Hyderabad,35-44,Male,6-10L,Instagram,Ashwagandha,Awareness,,Unsure of Efficacy,0,,,,8.7
VE0613,2024-09-18,Pune,35-44,Male,6-10L,YouTube,Whey Protein,Intent,Ingredients Quality,None,0,,,,6.3
VE0614,2024-08-21,Chennai,35-44,Female,20L+,Google Search,Multivitamin,Consideration,,Unsure of Efficacy,0,,,,7.3
VE0615,2024-06-14,Ahmedabad,35-44,Male,10-20L,Word of Mouth,Ashwagandha,Purchase,Price,None,2000,2,Detractor,Taste/Texture,17.2
VE0616,2024-07-03,Delhi,35-44,Female,20L+,Instagram,Whey Protein,Awareness,,Unsure of Efficacy,0,,,,7.8
VE0617,2024-07-16,Hyderabad,25-34,Female,20L+,Instagram,Probiotic,Consideration,,Unsure of Efficacy,0,,,,6.8
VE0618,2024-09-21,Bangalore,35-44,Male,3-6L,Facebook,Omega-3,Awareness,,Prefer Offline,0,,,,14.7
VE0619,2024-08-16,Hyderabad,18-24,Female,3-6L,YouTube,Omega-3,Consideration,,Too Expensive,0,,,,14.2
VE0620,2024-07-21,Delhi,25-34,Male,6-10L,Word of Mouth,Omega-3,Awareness,,None,0,,,,9.7
VE0621,2024-08-18,Chennai,35-44,Male,<3L,Facebook,Multivitamin,Purchase,Peer Recommendation,None,500,9,Promoter,Price-Value,5.3
VE0622,2024-09-07,Jaipur,35-44,Male,<3L,Doctor Recommendation,Ashwagandha,Consideration,,Too Many Options,0,,,,12.7
VE0623,2024-11-22,Delhi,25-34,Female,6-10L,Instagram,Whey Protein,Consideration,,Unsure of Efficacy,0,,,,11.5
VE0624,2024-07-19,Ahmedabad,18-24,Male,10-20L,Google Search,Omega-3,Awareness,,Too Many Options,0,,,,14.7
VE0625,2024-06-23,Delhi,35-44,Female,10-20L,Instagram,Whey Protein,Awareness,,Lack of Trust,0,,,,17.8
VE0626,2024-10-04,Delhi,18-24,Female,6-10L,Google Search,Ashwagandha,Intent,Brand Trust,Too Expensive,0,,,,10.6
VE0627,2024-07-25,Delhi,18-24,Male,10-20L,Instagram,Probiotic,Consideration,,Too Many Options,0,,,,5.6
VE0628,2024-06-22,Mumbai,25-34,Male,6-10L,YouTube,Ashwagandha,Intent,Price,Too Many Options,0,,,,5.8
VE0629,2024-10-12,Kolkata,25-34,Female,20L+,Instagram,Omega-3,Awareness,,Too Many Options,0,,,,9.5
VE0630,2024-08-27,Lucknow,45-54,Female,6-10L,YouTube,Whey Protein,Purchase,Peer Recommendation,None,1000,1,Detractor,Product Efficacy,11.7
VE0631,2024-11-27,Pune,25-34,Male,10-20L,Doctor Recommendation,Omega-3,Intent,Discount/Offer,Unsure of Efficacy,0,,,,16.3
VE0632,2024-08-23,Chennai,25-34,Male,10-20L,Word of Mouth,Multivitamin,Awareness,,None,0,,,,17.8
VE0633,2024-11-27,Ahmedabad,35-44,Male,3-6L,Instagram,Omega-3,Consideration,,Prefer Offline,0,,,,11.2
VE0634,2024-06-23,Mumbai,35-44,Female,10-20L,Instagram,Omega-3,Consideration,,Unsure of Efficacy,0,,,,6.8
VE0635,2024-11-16,Chennai,18-24,Prefer not to say,<3L,Facebook,Multivitamin,Intent,Ingredients Quality,None,0,,,,13.5
VE0636,2024-10-15,Chennai,25-34,Female,3-6L,Instagram,Ashwagandha,Awareness,,Too Expensive,0,,,,9.6
VE0637,2024-09-06,Chennai,45-54,Prefer not to say,6-10L,Instagram,Multivitamin,Repeat Purchase,Discount/Offer,None,1500,4,Detractor,Packaging,9.6
VE0638,2024-06-01,Mumbai,35-44,Male,6-10L,YouTube,Collagen,Awareness,,None,0,,,,11.5
VE0639,2024-11-02,Hyderabad,18-24,Male,10-20L,YouTube,Collagen,Intent,Brand Trust,Unsure of Efficacy,0,,,,12.6
VE0640,2024-08-19,Bangalore,35-44,Male,10-20L,Google Search,Ashwagandha,Intent,Price,Lack of Trust,0,,,,15.7
VE0641,2024-07-24,Kolkata,55+,Male,10-20L,Facebook,Collagen,Awareness,,Lack of Trust,0,,,,17.8
VE0642,2024-11-16,Ahmedabad,18-24,Male,6-10L,YouTube,Omega-3,Trial,Brand Trust,None,0,,,,5.8
VE0643,2024-08-22,Pune,35-44,Female,10-20L,Word of Mouth,Omega-3,Intent,Doctor Recommended,Too Expensive,0,,,,15.4
VE0644,2024-07-21,Pune,18-24,Female,6-10L,Word of Mouth,Vitamin D3,Consideration,,Prefer Offline,0,,,,17.0
VE0645,2024-06-25,Mumbai,25-34,Female,<3L,Google Search,Multivitamin,Intent,Brand Trust,Too Expensive,0,,,,11.1
VE0646,2024-11-24,Hyderabad,18-24,Female,10-20L,Offline Store,Ashwagandha,Intent,Doctor Recommended,Too Many Options,0,,,,9.5
VE0647,2024-07-01,Delhi,18-24,Female,20L+,Instagram,Ashwagandha,Awareness,,Prefer Offline,0,,,,15.2
VE0648,2024-07-17,Bangalore,55+,Female,3-6L,Instagram,Multivitamin,Consideration,,Prefer Offline,0,,,,15.5
VE0649,2024-06-06,Bangalore,45-54,Female,6-10L,Instagram,Collagen,Consideration,,Too Many Options,0,,,,17.5
VE0650,2024-07-01,Delhi,35-44,Male,6-10L,Doctor Recommendation,Whey Protein,Purchase,Price,None,500,8,Passive,Price-Value,11.8
VE0651,2024-09-17,Lucknow,35-44,Male,<3L,Facebook,Probiotic,Repeat Purchase,Discount/Offer,None,300,9,Promoter,Customer Support,13.8
VE0652,2024-11-17,Kolkata,25-34,Male,3-6L,Doctor Recommendation,Vitamin D3,Purchase,Price,None,700,6,Detractor,Customer Support,6.7
VE0653,2024-09-25,Delhi,25-34,Male,10-20L,Google Search,Whey Protein,Awareness,,None,0,,,,14.1
VE0654,2024-10-23,Chennai,45-54,Female,6-10L,Instagram,Vitamin D3,Intent,Price,Too Expensive,0,,,,13.7
VE0655,2024-09-13,Delhi,35-44,Male,3-6L,Instagram,Probiotic,Trial,Doctor Recommended,Too Expensive,0,,,,6.9
VE0656,2024-08-18,Hyderabad,45-54,Male,3-6L,Google Search,Multivitamin,Purchase,Brand Trust,None,1000,8,Passive,Product Efficacy,4.6
VE0657,2024-10-10,Pune,35-44,Male,6-10L,Instagram,Probiotic,Intent,Ingredients Quality,Unsure of Efficacy,0,,,,7.0
VE0658,2024-08-30,Kolkata,25-34,Male,6-10L,Facebook,Probiotic,Awareness,,Unsure of Efficacy,0,,,,17.3
VE0659,2024-09-13,Pune,45-54,Female,<3L,Instagram,Whey Protein,Trial,Peer Recommendation,Too Expensive,0,,,,13.6
VE0660,2024-07-05,Bangalore,25-34,Prefer not to say,10-20L,Word of Mouth,Multivitamin,Consideration,,Lack of Trust,0,,,,14.0
VE0661,2024-08-28,Mumbai,35-44,Female,10-20L,Doctor Recommendation,Omega-3,Consideration,,None,0,,,,6.9
VE0662,2024-09-02,Kolkata,25-34,Female,6-10L,YouTube,Multivitamin,Consideration,,Unsure of Efficacy,0,,,,8.4
VE0663,2024-10-02,Mumbai,25-34,Female,6-10L,Instagram,Multivitamin,Awareness,,Too Many Options,0,,,,17.1
VE0664,2024-11-06,Kolkata,18-24,Male,6-10L,YouTube,Whey Protein,Consideration,,Unsure of Efficacy,0,,,,5.9
VE0665,2024-10-04,Delhi,25-34,Female,6-10L,Facebook,Whey Protein,Awareness,,Unsure of Efficacy,0,,,,9.8
VE0666,2024-08-16,Mumbai,45-54,Female,3-6L,Offline Store,Ashwagandha,Intent,Price,Shipping Concerns,0,,,,6.0
VE0667,2024-08-12,Delhi,25-34,Female,20L+,Instagram,Whey Protein,Consideration,,Unsure of Efficacy,0,,,,11.1
VE0668,2024-10-05,Kolkata,35-44,Male,10-20L,Doctor Recommendation,Omega-3,Awareness,,Shipping Concerns,0,,,,6.3
VE0669,2024-06-28,Kolkata,18-24,Male,<3L,Word of Mouth,Whey Protein,Awareness,,Prefer Offline,0,,,,10.4
VE0670,2024-08-14,Mumbai,18-24,Male,6-10L,Word of Mouth,Whey Protein,Trial,Ingredients Quality,Prefer Offline,0,,,,14.0
VE0671,2024-06-27,Chennai,25-34,Male,20L+,Google Search,Ashwagandha,Trial,Discount/Offer,Prefer Offline,0,,,,5.7
VE0672,2024-06-14,Bangalore,25-34,Female,20L+,Instagram,Omega-3,Repeat Purchase,Discount/Offer,None,7000,6,Detractor,Taste/Texture,7.0
VE0673,2024-06-01,Delhi,35-44,Male,6-10L,Facebook,Whey Protein,Consideration,,Unsure of Efficacy,0,,,,6.0
VE0674,2024-11-19,Delhi,35-44,Female,3-6L,Word of Mouth,Multivitamin,Awareness,,Prefer Offline,0,,,,7.7
VE0675,2024-08-10,Mumbai,25-34,Female,3-6L,Word of Mouth,Whey Protein,Consideration,,Too Many Options,0,,,,7.1
VE0676,2024-09-23,Jaipur,18-24,Female,3-6L,Word of Mouth,Vitamin D3,Consideration,,Too Expensive,0,,,,10.1
VE0677,2024-08-04,Ahmedabad,35-44,Female,6-10L,YouTube,Multivitamin,Purchase,Discount/Offer,None,500,5,Detractor,Packaging,17.6
VE0678,2024-08-14,Delhi,35-44,Female,10-20L,Word of Mouth,Multivitamin,Consideration,,None,0,,,,10.4
VE0679,2024-10-09,Bangalore,35-44,Male,3-6L,Instagram,Whey Protein,Consideration,,Shipping Concerns,0,,,,11.3
VE0680,2024-10-13,Mumbai,45-54,Male,3-6L,Instagram,Multivitamin,Intent,Discount/Offer,Unsure of Efficacy,0,,,,8.2
VE0681,2024-06-14,Chennai,25-34,Female,6-10L,Instagram,Multivitamin,Trial,Influencer,Lack of Trust,0,,,,16.6
VE0682,2024-08-15,Mumbai,18-24,Female,10-20L,Instagram,Vitamin D3,Consideration,,Prefer Offline,0,,,,14.3
VE0683,2024-11-24,Bangalore,35-44,Female,6-10L,Google Search,Collagen,Intent,Peer Recommendation,Lack of Trust,0,,,,10.5
VE0684,2024-09-20,Mumbai,45-54,Male,3-6L,Instagram,Probiotic,Intent,Ingredients Quality,Too Expensive,0,,,,16.5
VE0685,2024-09-09,Chennai,25-34,Male,6-10L,YouTube,Ashwagandha,Consideration,,Too Expensive,0,,,,12.6
VE0686,2024-09-05,Bangalore,18-24,Male,10-20L,Facebook,Whey Protein,Awareness,,Unsure of Efficacy,0,,,,15.2
VE0687,2024-06-03,Jaipur,18-24,Female,3-6L,Word of Mouth,Whey Protein,Repeat Purchase,Brand Trust,None,300,8,Passive,Packaging,11.8
VE0688,2024-06-06,Kolkata,18-24,Male,6-10L,Doctor Recommendation,Whey Protein,Awareness,,Too Expensive,0,,,,9.7
VE0689,2024-08-30,Chennai,25-34,Female,6-10L,Doctor Recommendation,Collagen,Purchase,Doctor Recommended,None,1500,4,Detractor,Taste/Texture,16.9
VE0690,2024-06-12,Hyderabad,18-24,Female,6-10L,Word of Mouth,Whey Protein,Intent,Doctor Recommended,Too Expensive,0,,,,13.4
VE0691,2024-08-07,Kolkata,35-44,Male,<3L,Facebook,Whey Protein,Trial,Peer Recommendation,Prefer Offline,0,,,,6.0
VE0692,2024-09-18,Jaipur,25-34,Male,20L+,Instagram,Multivitamin,Intent,Doctor Recommended,Lack of Trust,0,,,,6.4
VE0693,2024-11-15,Jaipur,25-34,Female,6-10L,Google Search,Omega-3,Intent,Influencer,Lack of Trust,0,,,,14.0
VE0694,2024-07-31,Mumbai,25-34,Female,3-6L,YouTube,Whey Protein,Consideration,,Unsure of Efficacy,0,,,,8.5
VE0695,2024-07-07,Kolkata,35-44,Female,6-10L,Instagram,Multivitamin,Awareness,,Too Expensive,0,,,,9.6
VE0696,2024-06-07,Chennai,25-34,Male,<3L,Google Search,Omega-3,Repeat Purchase,Price,None,500,5,Detractor,Packaging,14.5
VE0697,2024-10-14,Chennai,25-34,Male,3-6L,Word of Mouth,Ashwagandha,Intent,Price,Lack of Trust,0,,,,4.6
VE0698,2024-09-17,Chennai,45-54,Female,10-20L,Facebook,Omega-3,Trial,Influencer,None,0,,,,14.5
VE0699,2024-09-11,Hyderabad,25-34,Male,10-20L,Google Search,Collagen,Awareness,,Prefer Offline,0,,,,13.3
VE0700,2024-09-12,Kolkata,18-24,Female,6-10L,Instagram,Whey Protein,Consideration,,Shipping Concerns,0,,,,7.7
VE0701,2024-07-12,Hyderabad,18-24,Female,10-20L,YouTube,Omega-3,Trial,Influencer,Too Many Options,0,,,,5.1
VE0702,2024-08-20,Delhi,25-34,Prefer not to say,10-20L,Facebook,Omega-3,Purchase,Doctor Recommended,None,1000,8,Passive,Delivery Speed,4.8
VE0703,2024-09-06,Bangalore,45-54,Male,3-6L,Word of Mouth,Whey Protein,Consideration,,Unsure of Efficacy,0,,,,15.4
VE0704,2024-11-15,Delhi,35-44,Prefer not to say,6-10L,Offline Store,Ashwagandha,Consideration,,Prefer Offline,0,,,,9.1
VE0705,2024-09-01,Hyderabad,55+,Male,10-20L,Word of Mouth,Multivitamin,Awareness,,Too Many Options,0,,,,12.2
VE0706,2024-10-06,Delhi,18-24,Female,3-6L,Doctor Recommendation,Collagen,Awareness,,Prefer Offline,0,,,,8.7
VE0707,2024-08-15,Delhi,25-34,Male,<3L,Instagram,Collagen,Trial,Ingredients Quality,Too Expensive,0,,,,17.6
VE0708,2024-10-03,Delhi,45-54,Male,10-20L,Facebook,Whey Protein,Consideration,,None,0,,,,5.6
VE0709,2024-09-14,Bangalore,25-34,Female,10-20L,Google Search,Ashwagandha,Awareness,,Unsure of Efficacy,0,,,,6.6
VE0710,2024-06-27,Mumbai,18-24,Male,<3L,YouTube,Omega-3,Intent,Discount/Offer,Prefer Offline,0,,,,6.9
VE0711,2024-06-28,Ahmedabad,55+,Female,3-6L,YouTube,Multivitamin,Awareness,,Prefer Offline,0,,,,6.0
VE0712,2024-09-25,Delhi,18-24,Male,6-10L,YouTube,Whey Protein,Intent,Doctor Recommended,Prefer Offline,0,,,,7.4
VE0713,2024-07-25,Ahmedabad,55+,Female,3-6L,Google Search,Whey Protein,Trial,Discount/Offer,Prefer Offline,0,,,,7.0
VE0714,2024-06-14,Delhi,45-54,Male,10-20L,Instagram,Multivitamin,Intent,Brand Trust,Lack of Trust,0,,,,16.8
VE0715,2024-10-25,Bangalore,18-24,Female,6-10L,Instagram,Ashwagandha,Intent,Discount/Offer,Lack of Trust,0,,,,4.7
VE0716,2024-09-26,Jaipur,25-34,Male,10-20L,Word of Mouth,Multivitamin,Awareness,,None,0,,,,13.1
VE0717,2024-11-11,Lucknow,18-24,Male,20L+,YouTube,Omega-3,Trial,Discount/Offer,Too Many Options,0,,,,9.5
VE0718,2024-09-02,Delhi,45-54,Male,10-20L,Word of Mouth,Ashwagandha,Purchase,Peer Recommendation,None,1000,10,Promoter,Price-Value,9.5
VE0719,2024-10-20,Hyderabad,35-44,Male,10-20L,Word of Mouth,Omega-3,Consideration,,None,0,,,,17.9
VE0720,2024-06-27,Delhi,18-24,Female,<3L,Word of Mouth,Ashwagandha,Consideration,,Prefer Offline,0,,,,13.5
VE0721,2024-09-16,Mumbai,35-44,Female,<3L,Doctor Recommendation,Vitamin D3,Consideration,,Prefer Offline,0,,,,4.6
VE0722,2024-09-04,Pune,25-34,Male,6-10L,YouTube,Probiotic,Awareness,,Too Many Options,0,,,,16.7
VE0723,2024-09-15,Delhi,18-24,Female,10-20L,Google Search,Ashwagandha,Intent,Influencer,Too Many Options,0,,,,7.1
VE0724,2024-11-12,Bangalore,18-24,Female,6-10L,Facebook,Multivitamin,Awareness,,Unsure of Efficacy,0,,,,11.5
VE0725,2024-09-20,Mumbai,35-44,Male,<3L,Google Search,Multivitamin,Awareness,,Shipping Concerns,0,,,,17.3
VE0726,2024-07-23,Delhi,18-24,Male,10-20L,Instagram,Ashwagandha,Consideration,,Too Many Options,0,,,,14.5
VE0727,2024-07-04,Lucknow,35-44,Female,3-6L,Google Search,Multivitamin,Consideration,,Lack of Trust,0,,,,14.9
VE0728,2024-11-16,Delhi,18-24,Male,<3L,Offline Store,Probiotic,Consideration,,Too Expensive,0,,,,8.3
VE0729,2024-07-17,Delhi,25-34,Male,10-20L,YouTube,Omega-3,Intent,Price,Too Many Options,0,,,,16.5
VE0730,2024-11-10,Ahmedabad,45-54,Male,<3L,Instagram,Omega-3,Intent,Discount/Offer,Prefer Offline,0,,,,6.6
VE0731,2024-08-05,Jaipur,25-34,Male,<3L,Google Search,Whey Protein,Awareness,,Too Expensive,0,,,,4.9
VE0732,2024-07-06,Mumbai,35-44,Female,3-6L,Google Search,Vitamin D3,Trial,Influencer,Prefer Offline,0,,,,17.0
VE0733,2024-08-04,Delhi,35-44,Female,3-6L,YouTube,Ashwagandha,Awareness,,Unsure of Efficacy,0,,,,17.4
VE0734,2024-10-03,Bangalore,25-34,Female,3-6L,YouTube,Whey Protein,Trial,Peer Recommendation,Prefer Offline,0,,,,17.4
VE0735,2024-08-04,Hyderabad,25-34,Female,6-10L,Facebook,Multivitamin,Trial,Doctor Recommended,Too Expensive,0,,,,9.5
VE0736,2024-08-20,Delhi,25-34,Male,3-6L,YouTube,Collagen,Awareness,,Too Many Options,0,,,,8.3
VE0737,2024-07-25,Bangalore,18-24,Male,6-10L,Doctor Recommendation,Probiotic,Consideration,,Prefer Offline,0,,,,8.8
VE0738,2024-08-21,Delhi,18-24,Male,<3L,Instagram,Whey Protein,Consideration,,Too Many Options,0,,,,12.3
VE0739,2024-08-12,Delhi,45-54,Female,<3L,YouTube,Whey Protein,Awareness,,Too Expensive,0,,,,9.1
VE0740,2024-06-05,Delhi,18-24,Female,10-20L,Instagram,Collagen,Repeat Purchase,Ingredients Quality,None,4000,8,Passive,Customer Support,16.8
VE0741,2024-09-04,Jaipur,18-24,Male,10-20L,Instagram,Vitamin D3,Awareness,,Lack of Trust,0,,,,6.8
VE0742,2024-07-19,Pune,45-54,Female,6-10L,Instagram,Ashwagandha,Consideration,,Too Expensive,0,,,,17.3
VE0743,2024-06-20,Mumbai,35-44,Female,6-10L,Word of Mouth,Probiotic,Purchase,Peer Recommendation,None,2000,9,Promoter,Delivery Speed,11.5
VE0744,2024-08-01,Hyderabad,35-44,Prefer not to say,3-6L,Word of Mouth,Multivitamin,Purchase,Ingredients Quality,None,500,9,Promoter,Product Efficacy,11.2
VE0745,2024-07-25,Delhi,25-34,Female,3-6L,Instagram,Whey Protein,Intent,Peer Recommendation,Unsure of Efficacy,0,,,,13.3
VE0746,2024-10-08,Delhi,18-24,Female,6-10L,YouTube,Ashwagandha,Purchase,Discount/Offer,None,500,5,Detractor,Taste/Texture,14.6
VE0747,2024-08-01,Delhi,25-34,Male,6-10L,Google Search,Multivitamin,Repeat Purchase,Influencer,None,1500,2,Detractor,Packaging,5.8
VE0748,2024-11-14,Bangalore,55+,Male,3-6L,Instagram,Multivitamin,Repeat Purchase,Price,None,300,2,Detractor,Product Efficacy,8.1
VE0749,2024-06-17,Hyderabad,25-34,Female,10-20L,YouTube,Multivitamin,Consideration,,Lack of Trust,0,,,,7.3
VE0750,2024-07-23,Mumbai,25-34,Female,10-20L,Instagram,Omega-3,Trial,Brand Trust,Unsure of Efficacy,0,,,,6.7
VE0751,2024-08-25,Ahmedabad,18-24,Male,6-10L,YouTube,Whey Protein,Intent,Peer Recommendation,Too Many Options,0,,,,12.4
VE0752,2024-10-04,Ahmedabad,25-34,Male,<3L,Word of Mouth,Multivitamin,Intent,Peer Recommendation,Too Expensive,0,,,,10.6
VE0753,2024-08-29,Lucknow,25-34,Male,3-6L,Instagram,Multivitamin,Consideration,,Lack of Trust,0,,,,6.0
VE0754,2024-11-23,Bangalore,35-44,Male,6-10L,Instagram,Vitamin D3,Intent,Ingredients Quality,Prefer Offline,0,,,,14.5
VE0755,2024-07-20,Jaipur,25-34,Male,3-6L,Google Search,Omega-3,Awareness,,None,0,,,,8.1
VE0756,2024-11-21,Mumbai,25-34,Female,20L+,Instagram,Whey Protein,Consideration,,Shipping Concerns,0,,,,10.4
VE0757,2024-09-25,Hyderabad,45-54,Male,<3L,Instagram,Probiotic,Consideration,,Prefer Offline,0,,,,12.9
VE0758,2024-11-18,Delhi,25-34,Male,3-6L,YouTube,Whey Protein,Awareness,,Too Expensive,0,,,,8.6
VE0759,2024-09-19,Mumbai,45-54,Male,3-6L,Doctor Recommendation,Collagen,Consideration,,Too Many Options,0,,,,14.1
VE0760,2024-07-07,Lucknow,25-34,Female,<3L,Instagram,Omega-3,Consideration,,Too Many Options,0,,,,9.9
VE0761,2024-06-26,Ahmedabad,55+,Female,3-6L,YouTube,Probiotic,Awareness,,Too Expensive,0,,,,7.9
VE0762,2024-09-15,Hyderabad,25-34,Male,6-10L,Google Search,Omega-3,Consideration,,Prefer Offline,0,,,,11.6
VE0763,2024-11-25,Mumbai,55+,Female,6-10L,YouTube,Omega-3,Intent,Discount/Offer,Prefer Offline,0,,,,12.8
VE0764,2024-08-17,Pune,35-44,Male,6-10L,Doctor Recommendation,Probiotic,Consideration,,Too Expensive,0,,,,10.7
VE0765,2024-10-11,Bangalore,18-24,Male,10-20L,Google Search,Multivitamin,Repeat Purchase,Peer Recommendation,None,1000,9,Promoter,Customer Support,12.1
VE0766,2024-10-05,Delhi,45-54,Female,3-6L,Google Search,Ashwagandha,Awareness,,Lack of Trust,0,,,,6.0
VE0767,2024-06-01,Delhi,45-54,Male,3-6L,Instagram,Whey Protein,Intent,Doctor Recommended,Prefer Offline,0,,,,15.6
VE0768,2024-10-18,Mumbai,35-44,Male,6-10L,Instagram,Whey Protein,Intent,Brand Trust,Prefer Offline,0,,,,10.9
VE0769,2024-08-14,Mumbai,18-24,Female,3-6L,Instagram,Multivitamin,Awareness,,Prefer Offline,0,,,,6.5
VE0770,2024-08-12,Bangalore,35-44,Male,3-6L,Google Search,Probiotic,Intent,Discount/Offer,Prefer Offline,0,,,,8.2
VE0771,2024-07-11,Mumbai,45-54,Male,3-6L,Word of Mouth,Multivitamin,Consideration,,Unsure of Efficacy,0,,,,10.7
VE0772,2024-07-06,Mumbai,35-44,Male,6-10L,Facebook,Ashwagandha,Intent,Ingredients Quality,None,0,,,,6.2
VE0773,2024-08-22,Hyderabad,35-44,Female,10-20L,Instagram,Whey Protein,Awareness,,Unsure of Efficacy,0,,,,11.2
VE0774,2024-11-21,Bangalore,35-44,Prefer not to say,10-20L,Word of Mouth,Multivitamin,Awareness,,Too Expensive,0,,,,14.7
VE0775,2024-09-16,Jaipur,18-24,Male,<3L,Word of Mouth,Omega-3,Consideration,,Too Expensive,0,,,,8.8
VE0776,2024-11-26,Bangalore,18-24,Female,6-10L,Instagram,Omega-3,Intent,Influencer,Prefer Offline,0,,,,5.7
VE0777,2024-06-07,Hyderabad,35-44,Male,10-20L,Doctor Recommendation,Multivitamin,Purchase,Discount/Offer,None,4000,5,Detractor,Packaging,15.7
VE0778,2024-10-07,Mumbai,35-44,Female,3-6L,Instagram,Omega-3,Trial,Doctor Recommended,Too Expensive,0,,,,5.2
VE0779,2024-10-17,Mumbai,25-34,Female,20L+,Instagram,Ashwagandha,Consideration,,None,0,,,,11.7
VE0780,2024-08-01,Kolkata,55+,Male,6-10L,Instagram,Ashwagandha,Intent,Brand Trust,Too Expensive,0,,,,10.2
VE0781,2024-07-22,Mumbai,35-44,Male,6-10L,Word of Mouth,Probiotic,Consideration,,Unsure of Efficacy,0,,,,15.4
VE0782,2024-10-23,Ahmedabad,35-44,Female,<3L,Offline Store,Vitamin D3,Consideration,,Too Expensive,0,,,,17.3
VE0783,2024-08-09,Pune,18-24,Male,3-6L,YouTube,Omega-3,Awareness,,Shipping Concerns,0,,,,4.8
VE0784,2024-06-15,Delhi,45-54,Male,6-10L,YouTube,Ashwagandha,Repeat Purchase,Ingredients Quality,None,1000,4,Detractor,Product Efficacy,12.8
VE0785,2024-09-03,Mumbai,25-34,Female,3-6L,Instagram,Whey Protein,Consideration,,Lack of Trust,0,,,,17.9
VE0786,2024-06-04,Ahmedabad,25-34,Male,<3L,YouTube,Multivitamin,Consideration,,Shipping Concerns,0,,,,6.3
VE0787,2024-09-10,Bangalore,18-24,Male,3-6L,Google Search,Omega-3,Awareness,,Unsure of Efficacy,0,,,,10.5
VE0788,2024-08-17,Jaipur,45-54,Male,6-10L,Google Search,Multivitamin,Trial,Ingredients Quality,Too Many Options,0,,,,5.6
VE0789,2024-07-06,Kolkata,25-34,Male,6-10L,Instagram,Ashwagandha,Awareness,,Too Expensive,0,,,,13.9
VE0790,2024-11-14,Pune,55+,Male,10-20L,Instagram,Ashwagandha,Consideration,,Too Expensive,0,,,,11.2
VE0791,2024-09-06,Bangalore,18-24,Male,3-6L,YouTube,Whey Protein,Purchase,Discount/Offer,None,700,10,Promoter,Customer Support,14.7
VE0792,2024-08-27,Pune,35-44,Female,10-20L,Facebook,Collagen,Awareness,,Too Many Options,0,,,,16.1
VE0793,2024-10-15,Bangalore,35-44,Female,6-10L,Instagram,Multivitamin,Awareness,,None,0,,,,16.8
VE0794,2024-08-11,Kolkata,55+,Male,3-6L,Google Search,Multivitamin,Consideration,,Unsure of Efficacy,0,,,,15.1
VE0795,2024-11-03,Delhi,25-34,Female,10-20L,Doctor Recommendation,Omega-3,Purchase,Influencer,None,4000,2,Detractor,Taste/Texture,8.2
VE0796,2024-11-04,Hyderabad,55+,Male,3-6L,Word of Mouth,Multivitamin,Trial,Ingredients Quality,Unsure of Efficacy,0,,,,7.0
VE0797,2024-10-08,Ahmedabad,35-44,Male,10-20L,Instagram,Ashwagandha,Intent,Discount/Offer,Unsure of Efficacy,0,,,,12.6
VE0798,2024-08-29,Delhi,25-34,Male,<3L,Instagram,Ashwagandha,Awareness,,Too Many Options,0,,,,13.2
VE0799,2024-08-12,Delhi,25-34,Female,3-6L,YouTube,Ashwagandha,Consideration,,Too Many Options,0,,,,9.5
VE0800,2024-08-14,Jaipur,45-54,Male,6-10L,Doctor Recommendation,Omega-3,Awareness,,Prefer Offline,0,,,,17.2
VE0801,2024-09-05,Kolkata,18-24,Female,6-10L,Offline Store,Whey Protein,Consideration,,Unsure of Efficacy,0,,,,11.8
VE0802,2024-07-02,Kolkata,25-34,Male,6-10L,Google Search,Omega-3,Consideration,,Unsure of Efficacy,0,,,,8.9
VE0803,2024-09-01,Mumbai,25-34,Prefer not to say,10-20L,YouTube,Vitamin D3,Intent,Price,Unsure of Efficacy,0,,,,12.7
VE0804,2024-09-23,Pune,25-34,Female,20L+,Facebook,Multivitamin,Awareness,,Too Many Options,0,,,,12.7
VE0805,2024-08-13,Mumbai,18-24,Male,6-10L,Instagram,Omega-3,Awareness,,Too Expensive,0,,,,16.3
VE0806,2024-06-04,Delhi,25-34,Female,10-20L,YouTube,Whey Protein,Awareness,,Shipping Concerns,0,,,,13.8
VE0807,2024-06-19,Delhi,45-54,Female,20L+,YouTube,Multivitamin,Consideration,,Too Expensive,0,,,,12.5
VE0808,2024-11-05,Delhi,35-44,Male,20L+,Facebook,Probiotic,Consideration,,Prefer Offline,0,,,,14.0
VE0809,2024-07-17,Pune,35-44,Female,6-10L,Instagram,Whey Protein,Consideration,,Prefer Offline,0,,,,10.4
VE0810,2024-10-09,Pune,25-34,Female,3-6L,Google Search,Whey Protein,Intent,Discount/Offer,Unsure of Efficacy,0,,,,8.8
VE0811,2024-07-16,Jaipur,18-24,Female,10-20L,Word of Mouth,Omega-3,Consideration,,Unsure of Efficacy,0,,,,8.3
VE0812,2024-07-01,Mumbai,25-34,Male,3-6L,Facebook,Multivitamin,Repeat Purchase,Influencer,None,500,1,Detractor,Taste/Texture,17.5
VE0813,2024-10-17,Hyderabad,25-34,Male,10-20L,YouTube,Multivitamin,Awareness,,Prefer Offline,0,,,,11.5
VE0814,2024-09-25,Mumbai,18-24,Female,10-20L,YouTube,Omega-3,Consideration,,None,0,,,,17.6
VE0815,2024-06-21,Pune,25-34,Male,3-6L,YouTube,Omega-3,Awareness,,Too Many Options,0,,,,14.0
VE0816,2024-08-20,Ahmedabad,18-24,Male,10-20L,Google Search,Whey Protein,Consideration,,Too Many Options,0,,,,7.8
VE0817,2024-10-29,Mumbai,55+,Female,3-6L,Instagram,Collagen,Awareness,,Unsure of Efficacy,0,,,,13.1
VE0818,2024-06-23,Jaipur,45-54,Female,<3L,Instagram,Omega-3,Repeat Purchase,Ingredients Quality,None,300,8,Passive,Customer Support,6.9
VE0819,2024-08-16,Kolkata,45-54,Female,6-10L,Google Search,Ashwagandha,Trial,Discount/Offer,Lack of Trust,0,,,,17.6
VE0820,2024-08-23,Mumbai,25-34,Male,20L+,Word of Mouth,Multivitamin,Intent,Peer Recommendation,Shipping Concerns,0,,,,13.8
VE0821,2024-06-08,Mumbai,25-34,Female,10-20L,Instagram,Collagen,Repeat Purchase,Discount/Offer,None,3000,8,Passive,Packaging,13.1
VE0822,2024-06-12,Mumbai,25-34,Female,3-6L,Instagram,Ashwagandha,Awareness,,Too Many Options,0,,,,6.2
VE0823,2024-10-17,Delhi,35-44,Female,<3L,Word of Mouth,Probiotic,Awareness,,Too Many Options,0,,,,11.5
VE0824,2024-09-01,Hyderabad,55+,Female,6-10L,Word of Mouth,Multivitamin,Repeat Purchase,Price,None,500,9,Promoter,Customer Support,11.3
VE0825,2024-10-03,Delhi,25-34,Male,6-10L,Word of Mouth,Whey Protein,Awareness,,Lack of Trust,0,,,,13.3
VE0826,2024-07-04,Kolkata,45-54,Female,<3L,Google Search,Ashwagandha,Awareness,,Too Expensive,0,,,,5.8
VE0827,2024-10-29,Kolkata,25-34,Female,3-6L,YouTube,Omega-3,Purchase,Influencer,None,700,8,Passive,Packaging,10.0
VE0828,2024-08-11,Bangalore,45-54,Female,3-6L,Instagram,Omega-3,Intent,Price,Unsure of Efficacy,0,,,,9.9
VE0829,2024-07-30,Bangalore,25-34,Male,3-6L,Instagram,Ashwagandha,Trial,Ingredients Quality,Too Expensive,0,,,,12.8
VE0830,2024-09-30,Bangalore,45-54,Female,<3L,Google Search,Multivitamin,Awareness,,Shipping Concerns,0,,,,8.8
VE0831,2024-10-23,Hyderabad,45-54,Male,3-6L,Google Search,Omega-3,Consideration,,Unsure of Efficacy,0,,,,14.1
VE0832,2024-10-10,Hyderabad,35-44,Female,20L+,YouTube,Whey Protein,Intent,Price,Too Expensive,0,,,,5.0
VE0833,2024-09-17,Bangalore,35-44,Female,3-6L,Doctor Recommendation,Multivitamin,Intent,Peer Recommendation,Shipping Concerns,0,,,,11.6
VE0834,2024-11-05,Ahmedabad,35-44,Male,3-6L,Word of Mouth,Collagen,Awareness,,Unsure of Efficacy,0,,,,10.9
VE0835,2024-07-24,Jaipur,55+,Female,10-20L,Instagram,Omega-3,Awareness,,Too Expensive,0,,,,6.9
VE0836,2024-09-29,Delhi,55+,Male,3-6L,Word of Mouth,Omega-3,Repeat Purchase,Influencer,None,500,7,Passive,Product Efficacy,7.1
VE0837,2024-08-12,Kolkata,45-54,Female,3-6L,Google Search,Multivitamin,Intent,Price,Too Expensive,0,,,,8.3
VE0838,2024-08-07,Hyderabad,18-24,Female,6-10L,YouTube,Ashwagandha,Awareness,,Too Many Options,0,,,,7.3
VE0839,2024-06-01,Pune,55+,Male,10-20L,Instagram,Whey Protein,Awareness,,Unsure of Efficacy,0,,,,6.3
VE0840,2024-09-21,Bangalore,25-34,Male,10-20L,Instagram,Multivitamin,Awareness,,Lack of Trust,0,,,,8.7
VE0841,2024-10-12,Mumbai,18-24,Female,3-6L,Instagram,Ashwagandha,Purchase,Brand Trust,None,300,8,Passive,Price-Value,9.2
VE0842,2024-06-07,Ahmedabad,45-54,Female,3-6L,YouTube,Ashwagandha,Awareness,,None,0,,,,9.7
VE0843,2024-07-16,Jaipur,55+,Male,3-6L,Instagram,Ashwagandha,Consideration,,Shipping Concerns,0,,,,12.7
VE0844,2024-06-09,Chennai,35-44,Male,20L+,Word of Mouth,Multivitamin,Trial,Influencer,Too Many Options,0,,,,11.1
VE0845,2024-09-30,Pune,35-44,Female,<3L,YouTube,Ashwagandha,Consideration,,Too Expensive,0,,,,5.6
VE0846,2024-07-01,Delhi,35-44,Male,<3L,Google Search,Vitamin D3,Consideration,,Too Expensive,0,,,,16.6
VE0847,2024-07-14,Ahmedabad,35-44,Female,6-10L,Facebook,Multivitamin,Awareness,,Too Many Options,0,,,,7.1
VE0848,2024-10-07,Delhi,25-34,Male,<3L,Google Search,Ashwagandha,Consideration,,Shipping Concerns,0,,,,8.7
VE0849,2024-10-22,Mumbai,25-34,Female,10-20L,Google Search,Omega-3,Intent,Brand Trust,Too Many Options,0,,,,14.9
VE0850,2024-06-03,Mumbai,25-34,Male,10-20L,Instagram,Collagen,Consideration,,Too Expensive,0,,,,8.7
VE0851,2024-09-06,Chennai,18-24,Male,3-6L,Instagram,Whey Protein,Awareness,,Too Expensive,0,,,,8.0
VE0852,2024-09-21,Mumbai,25-34,Female,3-6L,Google Search,Omega-3,Consideration,,Too Expensive,0,,,,6.6
VE0853,2024-10-24,Mumbai,35-44,Male,10-20L,Word of Mouth,Whey Protein,Intent,Peer Recommendation,Too Expensive,0,,,,8.0
VE0854,2024-09-28,Mumbai,55+,Male,6-10L,YouTube,Omega-3,Intent,Discount/Offer,Unsure of Efficacy,0,,,,13.0
VE0855,2024-06-03,Delhi,25-34,Male,20L+,Instagram,Multivitamin,Intent,Influencer,Too Many Options,0,,,,14.4
VE0856,2024-09-30,Kolkata,25-34,Male,3-6L,Word of Mouth,Multivitamin,Awareness,,Shipping Concerns,0,,,,10.2
VE0857,2024-08-08,Jaipur,25-34,Male,6-10L,Facebook,Probiotic,Awareness,,None,0,,,,17.3
VE0858,2024-10-24,Pune,18-24,Male,20L+,Offline Store,Multivitamin,Awareness,,Lack of Trust,0,,,,9.8
VE0859,2024-09-26,Delhi,18-24,Female,3-6L,Instagram,Multivitamin,Trial,Peer Recommendation,Unsure of Efficacy,0,,,,6.7
VE0860,2024-06-26,Bangalore,35-44,Female,20L+,Word of Mouth,Collagen,Consideration,,Too Expensive,0,,,,8.8
VE0861,2024-07-05,Bangalore,25-34,Male,10-20L,Doctor Recommendation,Ashwagandha,Intent,Discount/Offer,Too Expensive,0,,,,14.9
VE0862,2024-09-03,Mumbai,25-34,Male,6-10L,YouTube,Whey Protein,Repeat Purchase,Doctor Recommended,None,1000,8,Passive,Packaging,9.7
VE0863,2024-10-02,Delhi,55+,Male,3-6L,Word of Mouth,Collagen,Intent,Price,Shipping Concerns,0,,,,6.7
VE0864,2024-07-03,Hyderabad,25-34,Male,6-10L,Facebook,Multivitamin,Awareness,,Unsure of Efficacy,0,,,,14.5
VE0865,2024-06-30,Hyderabad,45-54,Male,6-10L,YouTube,Multivitamin,Intent,Discount/Offer,Prefer Offline,0,,,,16.2
VE0866,2024-06-21,Delhi,25-34,Female,6-10L,Instagram,Collagen,Awareness,,Prefer Offline,0,,,,10.8
VE0867,2024-06-11,Delhi,25-34,Male,10-20L,Word of Mouth,Multivitamin,Intent,Influencer,Too Expensive,0,,,,10.1
VE0868,2024-09-23,Mumbai,35-44,Female,3-6L,Instagram,Ashwagandha,Trial,Ingredients Quality,Prefer Offline,0,,,,9.2
VE0869,2024-09-26,Chennai,25-34,Female,10-20L,Word of Mouth,Omega-3,Purchase,Ingredients Quality,None,1000,7,Passive,Taste/Texture,5.6
VE0870,2024-11-11,Pune,25-34,Male,20L+,Instagram,Ashwagandha,Awareness,,Shipping Concerns,0,,,,17.5
VE0871,2024-07-20,Hyderabad,55+,Female,6-10L,Word of Mouth,Ashwagandha,Trial,Brand Trust,Too Many Options,0,,,,8.2
VE0872,2024-11-19,Delhi,25-34,Male,3-6L,Instagram,Whey Protein,Awareness,,Too Many Options,0,,,,8.1
VE0873,2024-11-01,Kolkata,35-44,Male,3-6L,Word of Mouth,Multivitamin,Consideration,,Too Many Options,0,,,,12.4
VE0874,2024-11-10,Hyderabad,35-44,Male,6-10L,YouTube,Multivitamin,Awareness,,Too Expensive,0,,,,7.3
VE0875,2024-11-26,Delhi,25-34,Male,6-10L,Google Search,Whey Protein,Consideration,,Too Expensive,0,,,,8.6
VE0876,2024-08-20,Bangalore,25-34,Male,6-10L,Google Search,Omega-3,Consideration,,Lack of Trust,0,,,,12.0
VE0877,2024-10-04,Lucknow,25-34,Female,6-10L,Facebook,Whey Protein,Purchase,Peer Recommendation,None,2000,8,Passive,Price-Value,7.4
VE0878,2024-11-01,Mumbai,35-44,Female,6-10L,Word of Mouth,Ashwagandha,Intent,Brand Trust,Unsure of Efficacy,0,,,,8.4
VE0879,2024-09-24,Delhi,45-54,Male,<3L,Doctor Recommendation,Collagen,Consideration,,Too Expensive,0,,,,17.7
VE0880,2024-09-14,Delhi,18-24,Male,6-10L,Google Search,Whey Protein,Repeat Purchase,Ingredients Quality,None,500,10,Promoter,Product Efficacy,12.6
VE0881,2024-11-15,Bangalore,25-34,Male,20L+,YouTube,Ashwagandha,Intent,Brand Trust,Too Expensive,0,,,,16.6
VE0882,2024-07-23,Hyderabad,25-34,Female,6-10L,Instagram,Whey Protein,Consideration,,Lack of Trust,0,,,,16.3
VE0883,2024-07-11,Mumbai,35-44,Male,10-20L,Word of Mouth,Multivitamin,Trial,Discount/Offer,Shipping Concerns,0,,,,14.2
VE0884,2024-11-03,Chennai,35-44,Male,6-10L,Word of Mouth,Multivitamin,Consideration,,Lack of Trust,0,,,,9.9
VE0885,2024-10-09,Hyderabad,25-34,Female,<3L,Doctor Recommendation,Collagen,Consideration,,Lack of Trust,0,,,,10.1
VE0886,2024-08-26,Delhi,25-34,Male,3-6L,YouTube,Ashwagandha,Consideration,,Lack of Trust,0,,,,9.1
VE0887,2024-11-24,Bangalore,45-54,Female,6-10L,Google Search,Collagen,Repeat Purchase,Doctor Recommended,None,1000,9,Promoter,Packaging,14.1
VE0888,2024-11-20,Mumbai,35-44,Female,3-6L,YouTube,Multivitamin,Purchase,Brand Trust,None,1000,8,Passive,Taste/Texture,17.6
VE0889,2024-11-12,Delhi,45-54,Male,6-10L,Doctor Recommendation,Omega-3,Trial,Price,None,0,,,,7.5
VE0890,2024-07-23,Mumbai,25-34,Female,10-20L,Google Search,Multivitamin,Consideration,,Shipping Concerns,0,,,,14.5
VE0891,2024-09-02,Chennai,25-34,Male,3-6L,Instagram,Omega-3,Consideration,,Shipping Concerns,0,,,,10.5
VE0892,2024-10-12,Mumbai,25-34,Female,10-20L,Google Search,Multivitamin,Purchase,Price,None,2000,9,Promoter,Taste/Texture,16.7
VE0893,2024-07-04,Bangalore,18-24,Male,6-10L,Google Search,Omega-3,Consideration,,Unsure of Efficacy,0,,,,7.2
VE0894,2024-06-30,Bangalore,25-34,Male,6-10L,Google Search,Multivitamin,Intent,Peer Recommendation,Prefer Offline,0,,,,12.5
VE0895,2024-11-10,Hyderabad,25-34,Male,10-20L,Google Search,Omega-3,Intent,Discount/Offer,Unsure of Efficacy,0,,,,9.1
VE0896,2024-11-21,Hyderabad,25-34,Male,20L+,Facebook,Omega-3,Consideration,,Prefer Offline,0,,,,6.9
VE0897,2024-09-19,Chennai,18-24,Female,3-6L,Word of Mouth,Collagen,Repeat Purchase,Peer Recommendation,None,1000,4,Detractor,Packaging,12.7
VE0898,2024-10-25,Chennai,25-34,Male,6-10L,Instagram,Whey Protein,Intent,Influencer,Too Many Options,0,,,,15.0
VE0899,2024-08-08,Mumbai,25-34,Female,10-20L,YouTube,Multivitamin,Awareness,,Shipping Concerns,0,,,,10.6
VE0900,2024-09-17,Hyderabad,35-44,Male,20L+,Instagram,Multivitamin,Purchase,Brand Trust,None,5000,7,Passive,Price-Value,8.8
VE0901,2024-09-06,Mumbai,35-44,Male,3-6L,Google Search,Probiotic,Purchase,Influencer,None,300,10,Promoter,Price-Value,17.5
VE0902,2024-11-28,Bangalore,25-34,Female,6-10L,Instagram,Ashwagandha,Intent,Price,Too Expensive,0,,,,8.9
VE0903,2024-09-14,Kolkata,45-54,Female,6-10L,Google Search,Omega-3,Intent,Influencer,Lack of Trust,0,,,,6.4
VE0904,2024-06-18,Ahmedabad,35-44,Female,20L+,YouTube,Collagen,Awareness,,Too Expensive,0,,,,10.8
VE0905,2024-09-26,Mumbai,25-34,Prefer not to say,3-6L,Google Search,Vitamin D3,Consideration,,Prefer Offline,0,,,,15.3
VE0906,2024-10-14,Delhi,55+,Male,6-10L,Offline Store,Vitamin D3,Awareness,,Unsure of Efficacy,0,,,,8.3
VE0907,2024-08-25,Chennai,35-44,Female,20L+,Word of Mouth,Omega-3,Awareness,,Shipping Concerns,0,,,,12.2
VE0908,2024-09-28,Hyderabad,55+,Female,10-20L,YouTube,Multivitamin,Consideration,,Lack of Trust,0,,,,5.5
VE0909,2024-11-13,Hyderabad,25-34,Female,10-20L,Facebook,Probiotic,Intent,Doctor Recommended,Too Expensive,0,,,,10.3
VE0910,2024-08-06,Kolkata,35-44,Female,6-10L,Google Search,Whey Protein,Awareness,,None,0,,,,7.0
VE0911,2024-07-08,Mumbai,25-34,Male,6-10L,Doctor Recommendation,Collagen,Consideration,,Unsure of Efficacy,0,,,,17.0
VE0912,2024-11-16,Mumbai,25-34,Male,3-6L,Facebook,Whey Protein,Intent,Influencer,Shipping Concerns,0,,,,4.8
VE0913,2024-07-24,Bangalore,25-34,Male,3-6L,YouTube,Collagen,Intent,Peer Recommendation,Too Expensive,0,,,,6.1
VE0914,2024-10-04,Pune,25-34,Prefer not to say,6-10L,Instagram,Whey Protein,Intent,Discount/Offer,Too Expensive,0,,,,15.3
VE0915,2024-09-11,Lucknow,18-24,Male,3-6L,Instagram,Vitamin D3,Intent,Ingredients Quality,Lack of Trust,0,,,,4.7
VE0916,2024-08-10,Pune,45-54,Male,10-20L,Instagram,Whey Protein,Purchase,Brand Trust,None,3000,7,Passive,Price-Value,6.6
VE0917,2024-07-15,Delhi,25-34,Male,10-20L,Word of Mouth,Multivitamin,Awareness,,Lack of Trust,0,,,,11.2
VE0918,2024-08-18,Bangalore,25-34,Female,6-10L,Instagram,Whey Protein,Intent,Brand Trust,Unsure of Efficacy,0,,,,14.8
VE0919,2024-10-13,Delhi,18-24,Male,3-6L,YouTube,Whey Protein,Awareness,,Prefer Offline,0,,,,16.1
VE0920,2024-10-16,Bangalore,45-54,Female,<3L,YouTube,Probiotic,Intent,Discount/Offer,Too Many Options,0,,,,11.0
VE0921,2024-10-25,Delhi,25-34,Male,20L+,Instagram,Whey Protein,Intent,Price,Unsure of Efficacy,0,,,,14.4
VE0922,2024-08-17,Mumbai,55+,Female,6-10L,Google Search,Probiotic,Awareness,,Too Expensive,0,,,,9.6
VE0923,2024-07-08,Hyderabad,55+,Male,20L+,YouTube,Whey Protein,Purchase,Brand Trust,None,5000,0,Detractor,Price-Value,16.1
VE0924,2024-07-19,Hyderabad,45-54,Female,6-10L,Instagram,Ashwagandha,Trial,Discount/Offer,Unsure of Efficacy,0,,,,7.9
VE0925,2024-10-03,Pune,25-34,Male,10-20L,Word of Mouth,Multivitamin,Awareness,,Prefer Offline,0,,,,17.5
VE0926,2024-07-03,Delhi,55+,Female,3-6L,Word of Mouth,Whey Protein,Intent,Discount/Offer,None,0,,,,9.9
VE0927,2024-10-09,Delhi,45-54,Male,<3L,Word of Mouth,Multivitamin,Intent,Influencer,Lack of Trust,0,,,,11.8
VE0928,2024-11-25,Jaipur,35-44,Male,<3L,Instagram,Ashwagandha,Consideration,,Lack of Trust,0,,,,11.8
VE0929,2024-11-04,Bangalore,25-34,Male,20L+,YouTube,Multivitamin,Purchase,Doctor Recommended,None,2000,6,Detractor,Customer Support,8.7
VE0930,2024-11-04,Hyderabad,18-24,Female,3-6L,Google Search,Whey Protein,Awareness,,None,0,,,,9.8
VE0931,2024-07-11,Chennai,25-34,Male,10-20L,Instagram,Vitamin D3,Consideration,,Too Expensive,0,,,,7.3
VE0932,2024-07-07,Chennai,35-44,Male,<3L,YouTube,Whey Protein,Intent,Doctor Recommended,Too Expensive,0,,,,6.6
VE0933,2024-08-27,Ahmedabad,55+,Male,10-20L,Instagram,Ashwagandha,Intent,Discount/Offer,Prefer Offline,0,,,,7.5
VE0934,2024-06-27,Delhi,35-44,Female,10-20L,Instagram,Collagen,Consideration,,Prefer Offline,0,,,,13.1
VE0935,2024-08-11,Kolkata,35-44,Female,6-10L,YouTube,Ashwagandha,Trial,Influencer,Too Many Options,0,,,,12.5
VE0936,2024-11-18,Mumbai,55+,Female,6-10L,Google Search,Omega-3,Consideration,,Too Many Options,0,,,,12.6
VE0937,2024-10-30,Kolkata,35-44,Male,<3L,Facebook,Multivitamin,Consideration,,Too Many Options,0,,,,14.2
VE0938,2024-06-11,Mumbai,45-54,Female,6-10L,Google Search,Vitamin D3,Awareness,,Too Many Options,0,,,,13.5
VE0939,2024-06-07,Mumbai,25-34,Female,3-6L,YouTube,Multivitamin,Intent,Doctor Recommended,Too Many Options,0,,,,17.6
VE0940,2024-08-03,Mumbai,45-54,Male,10-20L,Google Search,Collagen,Intent,Ingredients Quality,Lack of Trust,0,,,,15.0
VE0941,2024-07-15,Kolkata,45-54,Male,6-10L,Word of Mouth,Collagen,Consideration,,Too Expensive,0,,,,13.1
VE0942,2024-08-20,Hyderabad,35-44,Female,3-6L,Doctor Recommendation,Omega-3,Repeat Purchase,Price,None,500,9,Promoter,Taste/Texture,14.0
VE0943,2024-10-22,Mumbai,35-44,Male,6-10L,Instagram,Whey Protein,Consideration,,Too Many Options,0,,,,6.5
VE0944,2024-08-27,Hyderabad,25-34,Female,<3L,Facebook,Collagen,Awareness,,Unsure of Efficacy,0,,,,8.9
VE0945,2024-07-28,Bangalore,18-24,Female,6-10L,Instagram,Omega-3,Awareness,,None,0,,,,16.3
VE0946,2024-09-21,Chennai,25-34,Male,3-6L,Instagram,Ashwagandha,Awareness,,Unsure of Efficacy,0,,,,10.1
VE0947,2024-10-11,Hyderabad,35-44,Female,20L+,Word of Mouth,Ashwagandha,Awareness,,Lack of Trust,0,,,,10.3
VE0948,2024-09-02,Ahmedabad,55+,Male,3-6L,Facebook,Whey Protein,Awareness,,None,0,,,,15.2
VE0949,2024-10-27,Delhi,55+,Female,6-10L,YouTube,Multivitamin,Awareness,,Too Many Options,0,,,,14.2
VE0950,2024-11-13,Lucknow,45-54,Male,3-6L,Doctor Recommendation,Omega-3,Consideration,,Too Expensive,0,,,,4.8
VE0951,2024-09-23,Hyderabad,18-24,Male,10-20L,Instagram,Ashwagandha,Consideration,,Too Many Options,0,,,,14.1
VE0952,2024-10-04,Bangalore,35-44,Male,6-10L,Word of Mouth,Multivitamin,Trial,Influencer,Unsure of Efficacy,0,,,,16.1
VE0953,2024-11-04,Delhi,35-44,Female,10-20L,Instagram,Whey Protein,Trial,Peer Recommendation,None,0,,,,4.9
VE0954,2024-10-05,Pune,25-34,Male,6-10L,Word of Mouth,Ashwagandha,Awareness,,Unsure of Efficacy,0,,,,6.4
VE0955,2024-08-27,Delhi,25-34,Male,6-10L,Instagram,Whey Protein,Repeat Purchase,Influencer,None,500,8,Passive,Product Efficacy,12.7
VE0956,2024-10-21,Delhi,25-34,Male,20L+,Google Search,Whey Protein,Intent,Influencer,Shipping Concerns,0,,,,7.0
VE0957,2024-11-06,Bangalore,35-44,Prefer not to say,<3L,Word of Mouth,Whey Protein,Trial,Peer Recommendation,Prefer Offline,0,,,,4.9
VE0958,2024-06-10,Jaipur,45-54,Female,3-6L,Facebook,Vitamin D3,Consideration,,Too Many Options,0,,,,16.7
VE0959,2024-10-06,Delhi,18-24,Female,3-6L,YouTube,Ashwagandha,Awareness,,Lack of Trust,0,,,,13.5
VE0960,2024-06-17,Mumbai,25-34,Male,10-20L,Instagram,Multivitamin,Consideration,,None,0,,,,15.9
VE0961,2024-06-24,Chennai,25-34,Female,6-10L,Google Search,Multivitamin,Repeat Purchase,Discount/Offer,None,2000,8,Passive,Price-Value,11.1
VE0962,2024-10-04,Delhi,35-44,Female,3-6L,Offline Store,Collagen,Awareness,,Lack of Trust,0,,,,7.0
VE0963,2024-06-23,Mumbai,35-44,Female,6-10L,Google Search,Ashwagandha,Purchase,Price,None,2000,9,Promoter,Customer Support,6.9
VE0964,2024-09-03,Chennai,18-24,Male,6-10L,Instagram,Multivitamin,Consideration,,Prefer Offline,0,,,,5.1
VE0965,2024-09-06,Mumbai,35-44,Female,<3L,Instagram,Collagen,Awareness,,None,0,,,,15.7
VE0966,2024-09-04,Ahmedabad,25-34,Male,6-10L,Google Search,Multivitamin,Awareness,,Too Many Options,0,,,,7.3
VE0967,2024-11-15,Pune,25-34,Female,6-10L,YouTube,Multivitamin,Awareness,,Lack of Trust,0,,,,7.9
VE0968,2024-06-03,Hyderabad,25-34,Female,6-10L,Word of Mouth,Multivitamin,Intent,Influencer,Too Expensive,0,,,,6.8
VE0969,2024-08-05,Jaipur,35-44,Female,3-6L,YouTube,Probiotic,Consideration,,Unsure of Efficacy,0,,,,17.3
VE0970,2024-10-21,Kolkata,25-34,Male,<3L,YouTube,Whey Protein,Trial,Price,Prefer Offline,0,,,,10.4
VE0971,2024-07-07,Bangalore,35-44,Female,6-10L,Offline Store,Collagen,Awareness,,Too Expensive,0,,,,17.3
VE0972,2024-08-27,Kolkata,25-34,Male,6-10L,Facebook,Whey Protein,Consideration,,Prefer Offline,0,,,,7.0
VE0973,2024-07-20,Mumbai,35-44,Male,6-10L,Doctor Recommendation,Ashwagandha,Intent,Doctor Recommended,Too Expensive,0,,,,10.0
VE0974,2024-10-15,Delhi,35-44,Female,3-6L,Instagram,Probiotic,Repeat Purchase,Influencer,None,500,10,Promoter,Product Efficacy,11.9
VE0975,2024-06-06,Chennai,45-54,Female,6-10L,YouTube,Ashwagandha,Consideration,,Too Many Options,0,,,,9.2
VE0976,2024-11-10,Bangalore,45-54,Male,6-10L,YouTube,Whey Protein,Intent,Discount/Offer,Shipping Concerns,0,,,,14.5
VE0977,2024-09-19,Kolkata,18-24,Male,10-20L,Google Search,Multivitamin,Consideration,,Unsure of Efficacy,0,,,,10.2
VE0978,2024-09-15,Bangalore,25-34,Female,6-10L,YouTube,Ashwagandha,Trial,Influencer,None,0,,,,16.7
VE0979,2024-10-19,Ahmedabad,45-54,Male,3-6L,YouTube,Omega-3,Intent,Discount/Offer,Shipping Concerns,0,,,,5.2
VE0980,2024-07-26,Mumbai,45-54,Female,20L+,YouTube,Vitamin D3,Intent,Brand Trust,None,0,,,,13.2
VE0981,2024-10-26,Pune,25-34,Male,6-10L,Doctor Recommendation,Whey Protein,Awareness,,Unsure of Efficacy,0,,,,13.6
VE0982,2024-06-17,Delhi,18-24,Female,<3L,Doctor Recommendation,Multivitamin,Awareness,,Too Expensive,0,,,,17.4
VE0983,2024-08-18,Kolkata,25-34,Female,6-10L,Doctor Recommendation,Omega-3,Purchase,Brand Trust,None,2000,4,Detractor,Taste/Texture,10.0
VE0984,2024-10-22,Hyderabad,25-34,Prefer not to say,10-20L,Facebook,Vitamin D3,Trial,Price,Unsure of Efficacy,0,,,,10.9
VE0985,2024-06-06,Hyderabad,55+,Male,6-10L,Google Search,Omega-3,Intent,Doctor Recommended,Unsure of Efficacy,0,,,,16.5
VE0986,2024-06-18,Delhi,35-44,Female,20L+,Instagram,Vitamin D3,Awareness,,Too Expensive,0,,,,8.4
VE0987,2024-06-22,Mumbai,55+,Male,6-10L,Google Search,Vitamin D3,Intent,Discount/Offer,Shipping Concerns,0,,,,11.1
VE0988,2024-07-13,Delhi,25-34,Male,6-10L,YouTube,Whey Protein,Awareness,,Lack of Trust,0,,,,13.4
VE0989,2024-08-25,Hyderabad,18-24,Prefer not to say,6-10L,Word of Mouth,Whey Protein,Consideration,,Unsure of Efficacy,0,,,,13.9
VE0990,2024-08-09,Chennai,25-34,Female,10-20L,Word of Mouth,Multivitamin,Consideration,,Lack of Trust,0,,,,11.1
VE0991,2024-08-08,Delhi,25-34,Female,10-20L,Facebook,Probiotic,Awareness,,Too Expensive,0,,,,15.4
VE0992,2024-06-28,Mumbai,18-24,Male,6-10L,Instagram,Whey Protein,Consideration,,Lack of Trust,0,,,,16.2
VE0993,2024-11-06,Delhi,35-44,Prefer not to say,20L+,Google Search,Multivitamin,Consideration,,Too Expensive,0,,,,7.2
VE0994,2024-06-21,Delhi,35-44,Male,6-10L,Word of Mouth,Whey Protein,Intent,Brand Trust,Lack of Trust,0,,,,12.7
VE0995,2024-07-18,Bangalore,35-44,Female,10-20L,YouTube,Omega-3,Consideration,,Unsure of Efficacy,0,,,,13.9
VE0996,2024-11-27,Pune,25-34,Female,10-20L,Instagram,Multivitamin,Awareness,,Unsure of Efficacy,0,,,,11.3
VE0997,2024-08-13,Mumbai,25-34,Male,3-6L,Instagram,Probiotic,Purchase,Discount/Offer,None,300,9,Promoter,Delivery Speed,5.6
VE0998,2024-09-23,Delhi,35-44,Male,6-10L,Facebook,Multivitamin,Consideration,,Too Expensive,0,,,,14.3
VE0999,2024-08-21,Bangalore,35-44,Male,6-10L,Word of Mouth,Multivitamin,Awareness,,Too Expensive,0,,,,5.1
VE1000,2024-08-30,Bangalore,45-54,Male,10-20L,Facebook,Multivitamin,Awareness,,Prefer Offline,0,,,,6.4
VE1001,2024-09-07,Bangalore,18-24,Male,3-6L,Offline Store,Ashwagandha,Intent,Ingredients Quality,Too Expensive,0,,,,7.4
VE1002,2024-06-05,Bangalore,18-24,Male,<3L,YouTube,Multivitamin,Awareness,,Too Many Options,0,,,,7.1
VE1003,2024-11-03,Pune,25-34,Female,3-6L,Facebook,Whey Protein,Awareness,,Too Expensive,0,,,,14.0
VE1004,2024-11-03,Mumbai,25-34,Female,10-20L,YouTube,Whey Protein,Intent,Ingredients Quality,Prefer Offline,0,,,,12.6
VE1005,2024-10-14,Mumbai,35-44,Female,10-20L,YouTube,Vitamin D3,Repeat Purchase,Brand Trust,None,3000,9,Promoter,Taste/Texture,10.9
VE1006,2024-08-11,Hyderabad,35-44,Male,3-6L,Instagram,Multivitamin,Consideration,,Unsure of Efficacy,0,,,,15.5
VE1007,2024-08-03,Bangalore,25-34,Male,6-10L,Instagram,Collagen,Purchase,Discount/Offer,None,1500,3,Detractor,Price-Value,7.1
VE1008,2024-08-10,Pune,25-34,Female,6-10L,Instagram,Whey Protein,Consideration,,Too Many Options,0,,,,17.4
VE1009,2024-10-03,Lucknow,35-44,Female,10-20L,Google Search,Vitamin D3,Intent,Peer Recommendation,Too Expensive,0,,,,7.9
VE1010,2024-09-05,Bangalore,45-54,Male,3-6L,Instagram,Whey Protein,Consideration,,Too Expensive,0,,,,15.0
VE1011,2024-07-08,Bangalore,25-34,Male,6-10L,YouTube,Vitamin D3,Intent,Brand Trust,Too Many Options,0,,,,17.4
VE1012,2024-07-02,Delhi,25-34,Male,3-6L,Doctor Recommendation,Multivitamin,Purchase,Peer Recommendation,None,700,7,Passive,Delivery Speed,5.0
VE1013,2024-10-09,Delhi,35-44,Male,<3L,Instagram,Whey Protein,Consideration,,Unsure of Efficacy,0,,,,17.6
VE1014,2024-08-26,Delhi,25-34,Male,6-10L,Instagram,Multivitamin,Awareness,,Lack of Trust,0,,,,15.5
VE1015,2024-09-23,Delhi,35-44,Female,3-6L,Instagram,Ashwagandha,Consideration,,Lack of Trust,0,,,,5.1
VE1016,2024-07-27,Pune,55+,Female,3-6L,YouTube,Multivitamin,Intent,Doctor Recommended,Too Expensive,0,,,,11.9
VE1017,2024-06-11,Mumbai,18-24,Male,6-10L,YouTube,Whey Protein,Awareness,,Prefer Offline,0,,,,9.9
VE1018,2024-07-09,Hyderabad,45-54,Female,3-6L,Google Search,Omega-3,Intent,Doctor Recommended,Unsure of Efficacy,0,,,,9.8
VE1019,2024-11-14,Mumbai,18-24,Female,6-10L,Google Search,Multivitamin,Intent,Peer Recommendation,Shipping Concerns,0,,,,14.8
VE1020,2024-08-16,Kolkata,35-44,Female,10-20L,YouTube,Whey Protein,Intent,Brand Trust,Prefer Offline,0,,,,4.7
VE1021,2024-07-17,Ahmedabad,25-34,Female,6-10L,YouTube,Vitamin D3,Repeat Purchase,Discount/Offer,None,1000,3,Detractor,Product Efficacy,4.5
VE1022,2024-06-08,Hyderabad,45-54,Female,20L+,YouTube,Multivitamin,Repeat Purchase,Doctor Recommended,None,5000,3,Detractor,Price-Value,4.8
VE1023,2024-06-09,Ahmedabad,25-34,Male,20L+,Doctor Recommendation,Collagen,Consideration,,Lack of Trust,0,,,,16.4
VE1024,2024-09-30,Delhi,18-24,Female,6-10L,Doctor Recommendation,Ashwagandha,Intent,Price,Lack of Trust,0,,,,5.4
VE1025,2024-11-21,Mumbai,18-24,Male,6-10L,Instagram,Whey Protein,Awareness,,Too Many Options,0,,,,14.1
VE1026,2024-10-01,Mumbai,25-34,Female,20L+,Instagram,Ashwagandha,Awareness,,None,0,,,,16.3
VE1027,2024-09-20,Hyderabad,35-44,Female,10-20L,Word of Mouth,Multivitamin,Intent,Influencer,Unsure of Efficacy,0,,,,14.3
VE1028,2024-10-17,Delhi,35-44,Male,3-6L,YouTube,Omega-3,Intent,Peer Recommendation,Prefer Offline,0,,,,9.4
VE1029,2024-09-19,Delhi,25-34,Male,20L+,Google Search,Omega-3,Consideration,,Shipping Concerns,0,,,,11.3
VE1030,2024-11-08,Delhi,25-34,Female,10-20L,Doctor Recommendation,Ashwagandha,Awareness,,Lack of Trust,0,,,,5.6
VE1031,2024-09-16,Ahmedabad,55+,Female,6-10L,Google Search,Multivitamin,Consideration,,Lack of Trust,0,,,,11.1
VE1032,2024-08-23,Pune,45-54,Female,6-10L,Google Search,Multivitamin,Consideration,,Too Many Options,0,,,,7.5
VE1033,2024-11-12,Bangalore,45-54,Female,3-6L,Instagram,Collagen,Purchase,Brand Trust,None,1000,7,Passive,Packaging,13.1
VE1034,2024-07-19,Delhi,18-24,Male,3-6L,Word of Mouth,Whey Protein,Consideration,,Prefer Offline,0,,,,13.4
VE1035,2024-06-03,Chennai,25-34,Male,3-6L,YouTube,Ashwagandha,Consideration,,Too Expensive,0,,,,17.7
VE1036,2024-10-06,Mumbai,18-24,Female,10-20L,YouTube,Omega-3,Consideration,,Too Many Options,0,,,,17.3
VE1037,2024-11-23,Bangalore,18-24,Male,6-10L,Facebook,Omega-3,Intent,Peer Recommendation,None,0,,,,9.6
VE1038,2024-08-26,Mumbai,55+,Male,3-6L,Word of Mouth,Probiotic,Purchase,Peer Recommendation,None,1000,3,Detractor,Packaging,8.2
VE1039,2024-10-23,Bangalore,55+,Female,<3L,Google Search,Ashwagandha,Consideration,,Unsure of Efficacy,0,,,,5.0
VE1040,2024-11-01,Mumbai,18-24,Male,10-20L,Instagram,Omega-3,Consideration,,Lack of Trust,0,,,,14.9
VE1041,2024-06-12,Mumbai,25-34,Female,6-10L,Google Search,Ashwagandha,Awareness,,None,0,,,,5.9
VE1042,2024-07-06,Delhi,55+,Female,<3L,Google Search,Collagen,Consideration,,Shipping Concerns,0,,,,13.1
VE1043,2024-06-28,Bangalore,18-24,Male,10-20L,Instagram,Whey Protein,Awareness,,Too Many Options,0,,,,9.9
VE1044,2024-08-02,Ahmedabad,45-54,Male,3-6L,Google Search,Ashwagandha,Consideration,,Unsure of Efficacy,0,,,,11.0
VE1045,2024-11-16,Delhi,25-34,Female,3-6L,Instagram,Whey Protein,Trial,Price,Too Many Options,0,,,,8.6
VE1046,2024-07-06,Mumbai,25-34,Male,3-6L,Word of Mouth,Omega-3,Intent,Ingredients Quality,Shipping Concerns,0,,,,6.5
VE1047,2024-07-03,Kolkata,18-24,Female,6-10L,Offline Store,Whey Protein,Consideration,,Unsure of Efficacy,0,,,,17.2
VE1048,2024-08-07,Bangalore,35-44,Male,3-6L,YouTube,Whey Protein,Awareness,,Unsure of Efficacy,0,,,,12.7
VE1049,2024-07-28,Pune,18-24,Female,10-20L,Doctor Recommendation,Ashwagandha,Awareness,,Too Expensive,0,,,,11.2
VE1050,2024-06-20,Bangalore,18-24,Male,<3L,Doctor Recommendation,Whey Protein,Purchase,Discount/Offer,None,300,10,Promoter,Customer Support,16.9
VE1051,2024-09-29,Bangalore,25-34,Female,10-20L,Word of Mouth,Probiotic,Consideration,,Too Many Options,0,,,,9.1
VE1052,2024-11-25,Bangalore,25-34,Male,6-10L,Instagram,Multivitamin,Intent,Doctor Recommended,Shipping Concerns,0,,,,12.1
VE1053,2024-08-29,Lucknow,25-34,Male,10-20L,Instagram,Ashwagandha,Intent,Peer Recommendation,Lack of Trust,0,,,,7.1
VE1054,2024-11-23,Mumbai,35-44,Male,10-20L,Google Search,Whey Protein,Awareness,,Shipping Concerns,0,,,,7.3
VE1055,2024-11-10,Kolkata,25-34,Female,6-10L,Instagram,Omega-3,Intent,Brand Trust,Too Many Options,0,,,,6.2
VE1056,2024-09-05,Kolkata,55+,Male,3-6L,Facebook,Probiotic,Consideration,,Too Many Options,0,,,,11.4
VE1057,2024-09-16,Delhi,18-24,Male,20L+,Google Search,Omega-3,Purchase,Price,None,2000,6,Detractor,Customer Support,8.1
VE1058,2024-06-25,Jaipur,35-44,Male,20L+,Google Search,Whey Protein,Consideration,,Unsure of Efficacy,0,,,,7.7
VE1059,2024-07-27,Hyderabad,35-44,Male,6-10L,Doctor Recommendation,Whey Protein,Trial,Peer Recommendation,Too Expensive,0,,,,17.4
VE1060,2024-06-24,Hyderabad,35-44,Prefer not to say,10-20L,Instagram,Multivitamin,Intent,Discount/Offer,Shipping Concerns,0,,,,5.9
VE1061,2024-08-01,Chennai,25-34,Female,10-20L,YouTube,Multivitamin,Awareness,,Unsure of Efficacy,0,,,,10.5
VE1062,2024-09-07,Kolkata,35-44,Male,10-20L,Instagram,Ashwagandha,Consideration,,Unsure of Efficacy,0,,,,11.2
VE1063,2024-11-05,Bangalore,25-34,Male,3-6L,Instagram,Collagen,Repeat Purchase,Brand Trust,None,700,10,Promoter,Price-Value,16.3
VE1064,2024-06-07,Chennai,35-44,Female,<3L,Word of Mouth,Whey Protein,Repeat Purchase,Doctor Recommended,None,500,6,Detractor,Packaging,9.4
VE1065,2024-08-06,Bangalore,18-24,Female,6-10L,Google Search,Collagen,Awareness,,None,0,,,,5.1
VE1066,2024-07-29,Delhi,45-54,Male,10-20L,Instagram,Whey Protein,Awareness,,Prefer Offline,0,,,,6.4
VE1067,2024-09-20,Mumbai,45-54,Male,3-6L,Google Search,Multivitamin,Intent,Peer Recommendation,None,0,,,,8.4
VE1068,2024-09-29,Jaipur,45-54,Male,10-20L,Instagram,Ashwagandha,Intent,Brand Trust,Too Expensive,0,,,,12.0
VE1069,2024-09-03,Pune,18-24,Female,3-6L,Instagram,Probiotic,Awareness,,Prefer Offline,0,,,,11.3
VE1070,2024-06-15,Bangalore,18-24,Male,10-20L,Instagram,Ashwagandha,Consideration,,Prefer Offline,0,,,,6.9
VE1071,2024-06-29,Pune,18-24,Female,<3L,Offline Store,Whey Protein,Trial,Influencer,Lack of Trust,0,,,,17.5
VE1072,2024-10-12,Mumbai,35-44,Female,10-20L,Word of Mouth,Omega-3,Trial,Brand Trust,Too Many Options,0,,,,15.9
VE1073,2024-06-30,Hyderabad,25-34,Male,6-10L,YouTube,Whey Protein,Intent,Brand Trust,Shipping Concerns,0,,,,13.3
VE1074,2024-08-17,Bangalore,18-24,Female,20L+,Instagram,Multivitamin,Purchase,Brand Trust,None,3000,10,Promoter,Taste/Texture,8.5
VE1075,2024-06-14,Mumbai,45-54,Female,10-20L,Instagram,Multivitamin,Awareness,,Too Many Options,0,,,,17.1
VE1076,2024-10-01,Delhi,25-34,Male,6-10L,Instagram,Whey Protein,Awareness,,Too Many Options,0,,,,4.8
VE1077,2024-07-26,Chennai,25-34,Male,3-6L,Google Search,Multivitamin,Intent,Ingredients Quality,Shipping Concerns,0,,,,10.4
VE1078,2024-10-10,Delhi,35-44,Female,6-10L,Instagram,Vitamin D3,Awareness,,Unsure of Efficacy,0,,,,14.4
VE1079,2024-11-10,Mumbai,18-24,Female,<3L,YouTube,Multivitamin,Intent,Brand Trust,Too Many Options,0,,,,15.3
VE1080,2024-07-09,Bangalore,35-44,Prefer not to say,3-6L,Offline Store,Whey Protein,Consideration,,Lack of Trust,0,,,,10.8
VE1081,2024-07-13,Jaipur,25-34,Male,6-10L,Doctor Recommendation,Ashwagandha,Awareness,,Shipping Concerns,0,,,,12.3
VE1082,2024-10-19,Ahmedabad,45-54,Male,6-10L,Google Search,Ashwagandha,Awareness,,Too Many Options,0,,,,15.4
VE1083,2024-08-02,Mumbai,18-24,Male,3-6L,Google Search,Omega-3,Awareness,,Unsure of Efficacy,0,,,,15.3
VE1084,2024-08-05,Delhi,18-24,Male,10-20L,Doctor Recommendation,Multivitamin,Awareness,,None,0,,,,10.1
VE1085,2024-09-11,Bangalore,25-34,Male,3-6L,Google Search,Probiotic,Intent,Influencer,Lack of Trust,0,,,,10.1
VE1086,2024-06-08,Mumbai,25-34,Male,6-10L,Offline Store,Probiotic,Repeat Purchase,Peer Recommendation,None,1500,5,Detractor,Packaging,9.6
VE1087,2024-06-22,Delhi,18-24,Female,3-6L,YouTube,Probiotic,Awareness,,Lack of Trust,0,,,,17.9
VE1088,2024-06-01,Bangalore,18-24,Male,10-20L,Word of Mouth,Probiotic,Consideration,,Too Expensive,0,,,,16.6
VE1089,2024-08-24,Delhi,55+,Male,<3L,Instagram,Probiotic,Awareness,,Shipping Concerns,0,,,,6.0
VE1090,2024-10-30,Mumbai,45-54,Male,6-10L,Instagram,Omega-3,Awareness,,Too Expensive,0,,,,11.2
VE1091,2024-07-28,Chennai,18-24,Female,6-10L,Word of Mouth,Collagen,Trial,Doctor Recommended,Lack of Trust,0,,,,15.2
VE1092,2024-08-19,Chennai,25-34,Male,10-20L,Instagram,Whey Protein,Awareness,,Too Expensive,0,,,,6.2
VE1093,2024-06-19,Mumbai,25-34,Male,3-6L,Google Search,Multivitamin,Awareness,,Too Many Options,0,,,,17.2
VE1094,2024-07-24,Ahmedabad,35-44,Male,6-10L,YouTube,Whey Protein,Awareness,,Lack of Trust,0,,,,7.0
VE1095,2024-10-06,Bangalore,55+,Female,10-20L,YouTube,Collagen,Awareness,,Lack of Trust,0,,,,17.4
VE1096,2024-10-24,Ahmedabad,25-34,Female,3-6L,Instagram,Whey Protein,Awareness,,Unsure of Efficacy,0,,,,16.4
VE1097,2024-08-01,Bangalore,25-34,Male,3-6L,Instagram,Whey Protein,Repeat Purchase,Price,None,500,6,Detractor,Packaging,13.4
VE1098,2024-10-08,Mumbai,25-34,Female,6-10L,Facebook,Whey Protein,Awareness,,Lack of Trust,0,,,,10.6
VE1099,2024-10-30,Hyderabad,35-44,Female,<3L,YouTube,Multivitamin,Consideration,,Prefer Offline,0,,,,17.0
VE1100,2024-11-03,Hyderabad,55+,Female,3-6L,Instagram,Probiotic,Awareness,,Lack of Trust,0,,,,9.8
VE1101,2024-06-02,Hyderabad,18-24,Female,6-10L,YouTube,Omega-3,Awareness,,Lack of Trust,0,,,,11.7
VE1102,2024-10-18,Jaipur,18-24,Female,10-20L,Word of Mouth,Collagen,Awareness,,Too Many Options,0,,,,17.8
VE1103,2024-07-25,Hyderabad,35-44,Female,10-20L,Facebook,Multivitamin,Awareness,,Too Expensive,0,,,,4.7
VE1104,2024-09-18,Delhi,35-44,Female,<3L,Instagram,Ashwagandha,Consideration,,Too Many Options,0,,,,6.7
VE1105,2024-09-18,Mumbai,18-24,Male,20L+,YouTube,Omega-3,Intent,Discount/Offer,Shipping Concerns,0,,,,17.4
VE1106,2024-06-17,Pune,45-54,Female,20L+,Instagram,Omega-3,Consideration,,Lack of Trust,0,,,,11.4
VE1107,2024-10-02,Chennai,25-34,Male,10-20L,YouTube,Multivitamin,Consideration,,Lack of Trust,0,,,,17.9
VE1108,2024-07-12,Delhi,18-24,Female,6-10L,YouTube,Probiotic,Intent,Peer Recommendation,Prefer Offline,0,,,,7.4
VE1109,2024-07-19,Hyderabad,25-34,Female,10-20L,Offline Store,Ashwagandha,Awareness,,None,0,,,,12.0
VE1110,2024-09-26,Bangalore,35-44,Male,<3L,YouTube,Whey Protein,Consideration,,None,0,,,,10.1
VE1111,2024-06-02,Lucknow,45-54,Male,10-20L,Google Search,Omega-3,Trial,Peer Recommendation,Unsure of Efficacy,0,,,,15.1
VE1112,2024-11-11,Mumbai,25-34,Female,3-6L,Doctor Recommendation,Whey Protein,Consideration,,Too Expensive,0,,,,15.5
VE1113,2024-07-10,Mumbai,45-54,Prefer not to say,20L+,YouTube,Omega-3,Awareness,,Unsure of Efficacy,0,,,,17.7
VE1114,2024-08-23,Delhi,18-24,Male,6-10L,Google Search,Whey Protein,Consideration,,Lack of Trust,0,,,,16.5
VE1115,2024-07-17,Hyderabad,35-44,Male,<3L,YouTube,Collagen,Awareness,,Shipping Concerns,0,,,,15.5
VE1116,2024-10-19,Jaipur,45-54,Female,20L+,Google Search,Whey Protein,Consideration,,Unsure of Efficacy,0,,,,5.8
VE1117,2024-08-25,Mumbai,18-24,Male,20L+,Google Search,Whey Protein,Repeat Purchase,Ingredients Quality,None,3000,3,Detractor,Packaging,13.3
VE1118,2024-10-24,Chennai,18-24,Female,6-10L,Word of Mouth,Whey Protein,Awareness,,Shipping Concerns,0,,,,17.9
VE1119,2024-06-02,Chennai,45-54,Female,10-20L,Doctor Recommendation,Omega-3,Intent,Doctor Recommended,Shipping Concerns,0,,,,9.1
VE1120,2024-09-12,Lucknow,25-34,Female,3-6L,Google Search,Probiotic,Intent,Price,Too Expensive,0,,,,14.6
VE1121,2024-11-24,Delhi,25-34,Female,<3L,Word of Mouth,Whey Protein,Consideration,,Lack of Trust,0,,,,13.7
VE1122,2024-07-05,Lucknow,25-34,Male,<3L,Instagram,Whey Protein,Repeat Purchase,Ingredients Quality,None,0,10,Promoter,Packaging,10.1
VE1123,2024-11-16,Bangalore,25-34,Female,10-20L,Instagram,Multivitamin,Consideration,,None,0,,,,11.1
VE1124,2024-08-10,Bangalore,25-34,Male,3-6L,Word of Mouth,Collagen,Awareness,,Prefer Offline,0,,,,10.1
VE1125,2024-08-13,Delhi,25-34,Male,<3L,Word of Mouth,Omega-3,Intent,Influencer,Too Many Options,0,,,,15.8
VE1126,2024-09-08,Mumbai,25-34,Male,3-6L,Word of Mouth,Ashwagandha,Consideration,,Too Many Options,0,,,,6.0
VE1127,2024-09-03,Bangalore,35-44,Male,6-10L,Word of Mouth,Ashwagandha,Intent,Brand Trust,Unsure of Efficacy,0,,,,14.7
VE1128,2024-11-19,Jaipur,45-54,Female,20L+,Facebook,Ashwagandha,Awareness,,Too Expensive,0,,,,8.9
VE1129,2024-11-24,Pune,25-34,Male,6-10L,Instagram,Ashwagandha,Awareness,,Prefer Offline,0,,,,12.4
VE1130,2024-11-08,Bangalore,45-54,Female,6-10L,Instagram,Omega-3,Purchase,Brand Trust,None,1500,8,Passive,Price-Value,12.1
VE1131,2024-11-24,Delhi,35-44,Male,6-10L,Instagram,Omega-3,Consideration,,Too Expensive,0,,,,14.2
VE1132,2024-07-27,Pune,25-34,Male,3-6L,Facebook,Multivitamin,Awareness,,Too Many Options,0,,,,16.6
VE1133,2024-06-24,Mumbai,25-34,Male,10-20L,Word of Mouth,Omega-3,Consideration,,Too Expensive,0,,,,11.8
VE1134,2024-11-16,Pune,35-44,Female,6-10L,Offline Store,Collagen,Awareness,,Too Expensive,0,,,,17.0
VE1135,2024-08-11,Delhi,35-44,Female,10-20L,Google Search,Whey Protein,Awareness,,None,0,,,,13.5
VE1136,2024-07-20,Delhi,18-24,Female,10-20L,Instagram,Whey Protein,Intent,Brand Trust,Too Expensive,0,,,,14.3
VE1137,2024-07-23,Mumbai,35-44,Female,10-20L,YouTube,Ashwagandha,Awareness,,Too Expensive,0,,,,4.6
VE1138,2024-09-04,Delhi,18-24,Female,6-10L,Instagram,Whey Protein,Trial,Brand Trust,Lack of Trust,0,,,,16.5
VE1139,2024-07-11,Kolkata,35-44,Female,3-6L,YouTube,Whey Protein,Awareness,,Prefer Offline,0,,,,8.0
VE1140,2024-07-25,Jaipur,45-54,Female,3-6L,YouTube,Collagen,Intent,Peer Recommendation,Too Expensive,0,,,,7.6
VE1141,2024-11-27,Hyderabad,45-54,Female,6-10L,Google Search,Ashwagandha,Awareness,,Too Expensive,0,,,,11.8
VE1142,2024-07-30,Kolkata,25-34,Male,10-20L,Google Search,Whey Protein,Intent,Price,Unsure of Efficacy,0,,,,15.7
VE1143,2024-06-12,Bangalore,45-54,Male,10-20L,Instagram,Ashwagandha,Consideration,,Too Expensive,0,,,,14.5
VE1144,2024-08-22,Bangalore,35-44,Prefer not to say,3-6L,Instagram,Whey Protein,Consideration,,Too Expensive,0,,,,5.6
VE1145,2024-07-13,Pune,45-54,Female,<3L,Instagram,Vitamin D3,Consideration,,Prefer Offline,0,,,,5.3
VE1146,2024-11-09,Pune,35-44,Female,20L+,YouTube,Ashwagandha,Awareness,,Prefer Offline,0,,,,14.7
VE1147,2024-08-06,Delhi,35-44,Male,6-10L,Google Search,Multivitamin,Consideration,,Too Expensive,0,,,,11.3
VE1148,2024-06-11,Mumbai,25-34,Male,6-10L,Instagram,Whey Protein,Consideration,,Unsure of Efficacy,0,,,,5.7
VE1149,2024-10-11,Mumbai,18-24,Male,3-6L,YouTube,Collagen,Consideration,,Unsure of Efficacy,0,,,,9.4
VE1150,2024-07-14,Pune,25-34,Male,10-20L,Google Search,Whey Protein,Intent,Influencer,Too Many Options,0,,,,14.9
VE1151,2024-11-10,Jaipur,45-54,Female,3-6L,Instagram,Collagen,Awareness,,Shipping Concerns,0,,,,15.8
VE1152,2024-07-02,Ahmedabad,45-54,Female,3-6L,Word of Mouth,Vitamin D3,Trial,Brand Trust,Too Expensive,0,,,,11.6
VE1153,2024-06-17,Bangalore,25-34,Female,3-6L,YouTube,Ashwagandha,Awareness,,Prefer Offline,0,,,,10.0
VE1154,2024-07-11,Delhi,45-54,Female,3-6L,Word of Mouth,Collagen,Intent,Brand Trust,Prefer Offline,0,,,,15.6
VE1155,2024-08-14,Jaipur,35-44,Male,20L+,YouTube,Multivitamin,Awareness,,Too Expensive,0,,,,14.2
VE1156,2024-09-03,Mumbai,35-44,Male,20L+,Facebook,Whey Protein,Repeat Purchase,Ingredients Quality,None,2000,10,Promoter,Delivery Speed,9.5
VE1157,2024-10-21,Chennai,25-34,Female,3-6L,Word of Mouth,Whey Protein,Consideration,,Too Many Options,0,,,,5.0
VE1158,2024-11-23,Chennai,55+,Male,3-6L,Instagram,Vitamin D3,Awareness,,Too Expensive,0,,,,12.4
VE1159,2024-07-02,Bangalore,25-34,Male,<3L,Instagram,Ashwagandha,Consideration,,Lack of Trust,0,,,,12.7
VE1160,2024-07-21,Mumbai,18-24,Female,6-10L,Instagram,Ashwagandha,Awareness,,Too Expensive,0,,,,16.0
VE1161,2024-06-20,Jaipur,45-54,Female,6-10L,Word of Mouth,Multivitamin,Intent,Doctor Recommended,Too Many Options,0,,,,4.6
VE1162,2024-07-18,Mumbai,18-24,Female,6-10L,YouTube,Multivitamin,Consideration,,Prefer Offline,0,,,,7.8
VE1163,2024-09-05,Mumbai,35-44,Male,10-20L,Doctor Recommendation,Ashwagandha,Awareness,,Shipping Concerns,0,,,,16.4
VE1164,2024-11-22,Mumbai,25-34,Female,3-6L,Instagram,Multivitamin,Intent,Peer Recommendation,Unsure of Efficacy,0,,,,7.5
VE1165,2024-09-10,Bangalore,25-34,Male,3-6L,Offline Store,Whey Protein,Awareness,,Too Expensive,0,,,,12.7
VE1166,2024-10-08,Delhi,25-34,Male,3-6L,Instagram,Multivitamin,Consideration,,Lack of Trust,0,,,,11.5
VE1167,2024-09-13,Jaipur,18-24,Male,<3L,Word of Mouth,Multivitamin,Awareness,,Prefer Offline,0,,,,11.5
VE1168,2024-06-25,Delhi,18-24,Female,<3L,Instagram,Whey Protein,Awareness,,Prefer Offline,0,,,,9.4
VE1169,2024-09-10,Ahmedabad,18-24,Female,<3L,Instagram,Omega-3,Consideration,,Too Expensive,0,,,,14.9
VE1170,2024-08-05,Ahmedabad,25-34,Female,6-10L,Instagram,Ashwagandha,Consideration,,Prefer Offline,0,,,,12.9
VE1171,2024-10-13,Kolkata,25-34,Prefer not to say,<3L,YouTube,Omega-3,Awareness,,None,0,,,,9.1
VE1172,2024-07-31,Bangalore,35-44,Female,20L+,Instagram,Whey Protein,Intent,Price,Too Many Options,0,,,,13.8
VE1173,2024-06-05,Hyderabad,18-24,Male,6-10L,Word of Mouth,Collagen,Trial,Discount/Offer,Too Many Options,0,,,,9.9
VE1174,2024-11-01,Chennai,35-44,Female,10-20L,Google Search,Multivitamin,Awareness,,Unsure of Efficacy,0,,,,5.7
VE1175,2024-10-12,Mumbai,35-44,Male,6-10L,Facebook,Multivitamin,Repeat Purchase,Ingredients Quality,None,1000,10,Promoter,Taste/Texture,6.0
VE1176,2024-07-28,Mumbai,18-24,Prefer not to say,6-10L,Google Search,Vitamin D3,Consideration,,None,0,,,,6.6
VE1177,2024-11-11,Delhi,35-44,Prefer not to say,<3L,YouTube,Ashwagandha,Consideration,,Lack of Trust,0,,,,8.9
VE1178,2024-11-17,Hyderabad,25-34,Male,20L+,Instagram,Probiotic,Awareness,,Shipping Concerns,0,,,,15.7
VE1179,2024-08-28,Lucknow,45-54,Male,3-6L,Word of Mouth,Ashwagandha,Intent,Brand Trust,Too Many Options,0,,,,11.9
VE1180,2024-07-08,Bangalore,25-34,Female,6-10L,YouTube,Multivitamin,Consideration,,Too Expensive,0,,,,15.4
VE1181,2024-06-26,Chennai,35-44,Male,3-6L,Google Search,Ashwagandha,Awareness,,Lack of Trust,0,,,,15.9
VE1182,2024-08-08,Bangalore,18-24,Female,10-20L,Doctor Recommendation,Multivitamin,Awareness,,Shipping Concerns,0,,,,11.0
VE1183,2024-07-28,Delhi,35-44,Male,6-10L,Facebook,Multivitamin,Awareness,,Too Expensive,0,,,,11.3
VE1184,2024-06-20,Delhi,25-34,Female,10-20L,Doctor Recommendation,Whey Protein,Awareness,,Unsure of Efficacy,0,,,,12.8
VE1185,2024-08-11,Delhi,35-44,Male,10-20L,Instagram,Multivitamin,Consideration,,Too Expensive,0,,,,13.2
VE1186,2024-11-08,Delhi,35-44,Male,3-6L,Instagram,Omega-3,Trial,Influencer,Too Expensive,0,,,,14.8
VE1187,2024-09-14,Chennai,35-44,Male,6-10L,Instagram,Probiotic,Awareness,,Shipping Concerns,0,,,,17.0
VE1188,2024-07-12,Hyderabad,55+,Male,10-20L,Instagram,Vitamin D3,Intent,Brand Trust,Prefer Offline,0,,,,17.2
VE1189,2024-08-20,Mumbai,55+,Male,20L+,YouTube,Omega-3,Awareness,,Prefer Offline,0,,,,16.0
VE1190,2024-07-13,Chennai,18-24,Male,6-10L,Instagram,Omega-3,Awareness,,None,0,,,,6.3
VE1191,2024-10-05,Hyderabad,55+,Male,3-6L,YouTube,Probiotic,Intent,Peer Recommendation,Too Expensive,0,,,,5.1
VE1192,2024-09-10,Mumbai,18-24,Female,6-10L,YouTube,Whey Protein,Consideration,,Shipping Concerns,0,,,,10.9
VE1193,2024-06-28,Jaipur,45-54,Female,6-10L,Google Search,Probiotic,Consideration,,Too Many Options,0,,,,16.6
VE1194,2024-10-29,Hyderabad,25-34,Female,3-6L,Facebook,Multivitamin,Intent,Peer Recommendation,Too Many Options,0,,,,7.7
VE1195,2024-09-18,Ahmedabad,25-34,Female,3-6L,Instagram,Omega-3,Consideration,,Unsure of Efficacy,0,,,,7.6
VE1196,2024-09-24,Jaipur,18-24,Female,6-10L,Word of Mouth,Omega-3,Consideration,,Prefer Offline,0,,,,9.9
VE1197,2024-10-06,Mumbai,25-34,Female,3-6L,Word of Mouth,Multivitamin,Trial,Brand Trust,Too Many Options,0,,,,13.6
VE1198,2024-06-23,Lucknow,35-44,Female,<3L,YouTube,Vitamin D3,Awareness,,Too Many Options,0,,,,12.2
VE1199,2024-06-19,Bangalore,35-44,Male,20L+,Instagram,Omega-3,Awareness,,Lack of Trust,0,,,,12.0
VE1200,2024-10-15,Pune,25-34,Male,6-10L,YouTube,Omega-3,Intent,Price,Unsure of Efficacy,0,,,,17.3
VE1201,2024-11-25,Pune,35-44,Female,20L+,Google Search,Ashwagandha,Trial,Doctor Recommended,Lack of Trust,0,,,,13.2
VE1202,2024-08-12,Mumbai,35-44,Male,20L+,Word of Mouth,Whey Protein,Intent,Brand Trust,Too Many Options,0,,,,9.8
VE1203,2024-07-21,Hyderabad,55+,Male,20L+,YouTube,Multivitamin,Consideration,,Lack of Trust,0,,,,11.2
VE1204,2024-10-15,Bangalore,35-44,Female,6-10L,YouTube,Omega-3,Awareness,,Shipping Concerns,0,,,,8.8
VE1205,2024-10-26,Delhi,55+,Male,6-10L,YouTube,Omega-3,Intent,Brand Trust,Too Expensive,0,,,,16.4
VE1206,2024-11-17,Ahmedabad,25-34,Prefer not to say,6-10L,Google Search,Ashwagandha,Purchase,Peer Recommendation,None,1500,10,Promoter,Packaging,7.0
VE1207,2024-10-13,Bangalore,35-44,Male,3-6L,Doctor Recommendation,Multivitamin,Consideration,,Too Expensive,0,,,,15.2
VE1208,2024-07-27,Ahmedabad,25-34,Prefer not to say,20L+,Facebook,Multivitamin,Intent,Doctor Recommended,Prefer Offline,0,,,,14.3
VE1209,2024-10-02,Delhi,55+,Male,20L+,Instagram,Vitamin D3,Consideration,,Unsure of Efficacy,0,,,,5.9
VE1210,2024-10-08,Delhi,35-44,Male,<3L,Google Search,Omega-3,Awareness,,None,0,,,,4.7
VE1211,2024-08-22,Pune,35-44,Male,3-6L,Instagram,Multivitamin,Consideration,,Shipping Concerns,0,,,,17.0
VE1212,2024-06-29,Ahmedabad,35-44,Male,3-6L,Doctor Recommendation,Multivitamin,Consideration,,Too Expensive,0,,,,7.3
VE1213,2024-08-18,Delhi,25-34,Male,10-20L,Instagram,Whey Protein,Consideration,,Too Expensive,0,,,,10.9
VE1214,2024-10-13,Delhi,45-54,Male,3-6L,Instagram,Ashwagandha,Awareness,,Too Expensive,0,,,,8.3
VE1215,2024-06-23,Delhi,25-34,Male,6-10L,Facebook,Whey Protein,Trial,Price,Prefer Offline,0,,,,9.4
VE1216,2024-07-31,Kolkata,25-34,Female,3-6L,Instagram,Whey Protein,Consideration,,Lack of Trust,0,,,,10.1
VE1217,2024-08-23,Ahmedabad,35-44,Male,10-20L,Google Search,Multivitamin,Awareness,,Too Expensive,0,,,,11.4
VE1218,2024-11-19,Mumbai,35-44,Female,6-10L,YouTube,Probiotic,Awareness,,Shipping Concerns,0,,,,6.9
VE1219,2024-07-03,Mumbai,35-44,Male,<3L,Word of Mouth,Vitamin D3,Consideration,,Too Expensive,0,,,,5.1
VE1220,2024-08-18,Mumbai,25-34,Female,3-6L,Facebook,Whey Protein,Awareness,,Shipping Concerns,0,,,,15.3
VE1221,2024-08-21,Delhi,18-24,Male,<3L,Instagram,Ashwagandha,Purchase,Influencer,None,500,7,Passive,Customer Support,14.2
VE1222,2024-07-07,Bangalore,45-54,Prefer not to say,3-6L,YouTube,Ashwagandha,Consideration,,Too Many Options,0,,,,14.6
VE1223,2024-07-04,Mumbai,25-34,Female,3-6L,YouTube,Whey Protein,Awareness,,Prefer Offline,0,,,,14.1
VE1224,2024-06-28,Pune,25-34,Male,3-6L,Instagram,Collagen,Repeat Purchase,Price,None,500,8,Passive,Price-Value,7.3
VE1225,2024-10-20,Bangalore,18-24,Male,6-10L,Google Search,Whey Protein,Consideration,,Shipping Concerns,0,,,,10.8
VE1226,2024-08-06,Pune,25-34,Female,6-10L,YouTube,Probiotic,Awareness,,Unsure of Efficacy,0,,,,11.4
VE1227,2024-11-19,Pune,25-34,Female,3-6L,Instagram,Whey Protein,Awareness,,Lack of Trust,0,,,,13.2
VE1228,2024-07-15,Delhi,35-44,Male,10-20L,Word of Mouth,Probiotic,Consideration,,None,0,,,,8.9
VE1229,2024-07-15,Delhi,55+,Female,3-6L,YouTube,Whey Protein,Trial,Price,Unsure of Efficacy,0,,,,7.7
VE1230,2024-07-13,Mumbai,25-34,Prefer not to say,10-20L,Doctor Recommendation,Omega-3,Consideration,,Unsure of Efficacy,0,,,,11.1
VE1231,2024-11-13,Bangalore,35-44,Male,3-6L,YouTube,Multivitamin,Intent,Ingredients Quality,None,0,,,,12.8
VE1232,2024-06-30,Delhi,25-34,Female,10-20L,YouTube,Whey Protein,Purchase,Influencer,None,4000,9,Promoter,Packaging,14.1
VE1233,2024-08-23,Delhi,55+,Female,6-10L,Instagram,Whey Protein,Consideration,,Too Expensive,0,,,,9.9
VE1234,2024-06-14,Hyderabad,18-24,Female,3-6L,Google Search,Ashwagandha,Awareness,,Shipping Concerns,0,,,,9.2
VE1235,2024-07-24,Chennai,35-44,Female,6-10L,YouTube,Multivitamin,Consideration,,Lack of Trust,0,,,,7.2
VE1236,2024-08-11,Lucknow,25-34,Male,<3L,Google Search,Collagen,Trial,Discount/Offer,Shipping Concerns,0,,,,4.8
VE1237,2024-07-09,Chennai,18-24,Female,20L+,Word of Mouth,Ashwagandha,Trial,Influencer,Too Expensive,0,,,,16.8
VE1238,2024-10-26,Bangalore,25-34,Male,6-10L,Instagram,Vitamin D3,Repeat Purchase,Price,None,2000,8,Passive,Delivery Speed,6.4
VE1239,2024-06-30,Hyderabad,35-44,Male,<3L,YouTube,Whey Protein,Intent,Influencer,Lack of Trust,0,,,,17.1
VE1240,2024-07-21,Jaipur,35-44,Male,3-6L,Instagram,Multivitamin,Purchase,Doctor Recommended,None,300,5,Detractor,Delivery Speed,6.9
VE1241,2024-06-24,Mumbai,45-54,Female,6-10L,Instagram,Multivitamin,Consideration,,None,0,,,,12.6
VE1242,2024-09-05,Delhi,45-54,Female,10-20L,YouTube,Vitamin D3,Awareness,,Shipping Concerns,0,,,,15.4
VE1243,2024-11-15,Delhi,55+,Female,6-10L,YouTube,Collagen,Consideration,,Lack of Trust,0,,,,17.6
VE1244,2024-07-01,Delhi,25-34,Female,6-10L,Google Search,Multivitamin,Awareness,,Too Expensive,0,,,,8.0
VE1245,2024-06-20,Ahmedabad,35-44,Male,20L+,Facebook,Omega-3,Repeat Purchase,Ingredients Quality,None,2000,8,Passive,Delivery Speed,5.7
VE1246,2024-09-18,Ahmedabad,18-24,Male,3-6L,YouTube,Ashwagandha,Awareness,,Unsure of Efficacy,0,,,,17.4
VE1247,2024-07-11,Kolkata,35-44,Female,3-6L,Word of Mouth,Multivitamin,Intent,Discount/Offer,Unsure of Efficacy,0,,,,12.1
VE1248,2024-11-11,Bangalore,25-34,Female,6-10L,YouTube,Ashwagandha,Awareness,,Unsure of Efficacy,0,,,,10.2
VE1249,2024-07-15,Jaipur,25-34,Female,3-6L,Doctor Recommendation,Omega-3,Purchase,Price,None,500,1,Detractor,Taste/Texture,15.2
VE1250,2024-10-20,Mumbai,25-34,Male,20L+,Google Search,Omega-3,Trial,Doctor Recommended,Too Expensive,0,,,,16.2
VE1251,2024-06-28,Lucknow,35-44,Male,3-6L,Instagram,Omega-3,Repeat Purchase,Discount/Offer,None,700,10,Promoter,Taste/Texture,11.1
VE1252,2024-07-22,Kolkata,18-24,Female,<3L,Google Search,Whey Protein,Repeat Purchase,Brand Trust,None,0,6,Detractor,Customer Support,9.0
VE1253,2024-11-19,Kolkata,35-44,Female,3-6L,Doctor Recommendation,Vitamin D3,Awareness,,Shipping Concerns,0,,,,10.4
VE1254,2024-07-09,Delhi,35-44,Female,10-20L,Word of Mouth,Omega-3,Consideration,,Unsure of Efficacy,0,,,,5.9
VE1255,2024-08-24,Hyderabad,18-24,Male,<3L,YouTube,Omega-3,Consideration,,Too Expensive,0,,,,12.4
VE1256,2024-10-18,Pune,35-44,Female,6-10L,Word of Mouth,Ashwagandha,Purchase,Doctor Recommended,None,1000,2,Detractor,Customer Support,11.3
VE1257,2024-10-29,Mumbai,45-54,Female,20L+,YouTube,Ashwagandha,Awareness,,Too Many Options,0,,,,7.2
VE1258,2024-10-30,Bangalore,18-24,Male,6-10L,Word of Mouth,Whey Protein,Awareness,,None,0,,,,7.4
VE1259,2024-08-13,Jaipur,25-34,Female,3-6L,Doctor Recommendation,Collagen,Intent,Influencer,Too Many Options,0,,,,12.4
VE1260,2024-06-30,Lucknow,25-34,Male,10-20L,Facebook,Whey Protein,Consideration,,Too Many Options,0,,,,7.4
VE1261,2024-06-14,Bangalore,45-54,Female,3-6L,Instagram,Whey Protein,Consideration,,Too Expensive,0,,,,5.8
VE1262,2024-10-18,Jaipur,45-54,Male,10-20L,Word of Mouth,Ashwagandha,Consideration,,Lack of Trust,0,,,,16.7
VE1263,2024-06-29,Delhi,25-34,Male,10-20L,Google Search,Ashwagandha,Consideration,,Too Expensive,0,,,,17.6
VE1264,2024-09-11,Ahmedabad,25-34,Male,10-20L,YouTube,Probiotic,Intent,Influencer,Prefer Offline,0,,,,10.4
VE1265,2024-06-03,Hyderabad,18-24,Male,6-10L,YouTube,Multivitamin,Consideration,,Too Expensive,0,,,,9.6
VE1266,2024-06-22,Mumbai,25-34,Female,6-10L,Facebook,Omega-3,Consideration,,Unsure of Efficacy,0,,,,12.6
VE1267,2024-09-17,Hyderabad,25-34,Male,10-20L,Google Search,Vitamin D3,Awareness,,Prefer Offline,0,,,,8.1
VE1268,2024-10-29,Mumbai,35-44,Male,10-20L,Word of Mouth,Omega-3,Intent,Ingredients Quality,Too Expensive,0,,,,13.6
VE1269,2024-11-24,Hyderabad,25-34,Female,3-6L,Word of Mouth,Omega-3,Awareness,,Lack of Trust,0,,,,7.0
VE1270,2024-11-11,Delhi,35-44,Male,6-10L,Doctor Recommendation,Multivitamin,Consideration,,None,0,,,,4.8
VE1271,2024-09-24,Bangalore,18-24,Male,3-6L,YouTube,Multivitamin,Consideration,,Too Many Options,0,,,,15.6
VE1272,2024-09-13,Mumbai,35-44,Male,20L+,Facebook,Collagen,Intent,Brand Trust,Too Expensive,0,,,,6.4
VE1273,2024-08-06,Bangalore,18-24,Prefer not to say,6-10L,Google Search,Whey Protein,Consideration,,Too Expensive,0,,,,7.4
VE1274,2024-06-29,Hyderabad,35-44,Female,3-6L,Word of Mouth,Ashwagandha,Awareness,,None,0,,,,14.1
VE1275,2024-06-28,Mumbai,25-34,Male,<3L,Instagram,Multivitamin,Awareness,,Unsure of Efficacy,0,,,,9.9
VE1276,2024-11-27,Delhi,18-24,Female,3-6L,YouTube,Whey Protein,Repeat Purchase,Doctor Recommended,None,300,10,Promoter,Price-Value,15.9
VE1277,2024-09-29,Pune,25-34,Female,10-20L,Word of Mouth,Whey Protein,Intent,Ingredients Quality,Too Many Options,0,,,,16.2
VE1278,2024-09-27,Kolkata,18-24,Male,6-10L,YouTube,Collagen,Repeat Purchase,Doctor Recommended,None,1500,8,Passive,Customer Support,11.8
VE1279,2024-08-03,Chennai,35-44,Female,6-10L,YouTube,Omega-3,Consideration,,Shipping Concerns,0,,,,9.1
VE1280,2024-08-06,Lucknow,45-54,Male,3-6L,Instagram,Ashwagandha,Consideration,,Lack of Trust,0,,,,7.8
VE1281,2024-09-06,Ahmedabad,18-24,Male,6-10L,YouTube,Ashwagandha,Consideration,,Lack of Trust,0,,,,7.3
VE1282,2024-08-20,Mumbai,55+,Female,<3L,Google Search,Multivitamin,Purchase,Ingredients Quality,None,200,7,Passive,Taste/Texture,7.9
VE1283,2024-06-13,Mumbai,25-34,Male,10-20L,Word of Mouth,Ashwagandha,Purchase,Brand Trust,None,1000,10,Promoter,Taste/Texture,8.7
VE1284,2024-09-02,Bangalore,25-34,Female,<3L,YouTube,Vitamin D3,Awareness,,None,0,,,,15.0
VE1285,2024-11-03,Delhi,18-24,Female,3-6L,Word of Mouth,Probiotic,Awareness,,Shipping Concerns,0,,,,14.9
VE1286,2024-08-26,Chennai,18-24,Male,3-6L,Google Search,Multivitamin,Consideration,,Too Many Options,0,,,,16.1
VE1287,2024-07-01,Delhi,25-34,Prefer not to say,10-20L,YouTube,Probiotic,Trial,Ingredients Quality,Unsure of Efficacy,0,,,,5.6
VE1288,2024-08-11,Chennai,18-24,Male,20L+,Google Search,Vitamin D3,Purchase,Discount/Offer,None,2000,4,Detractor,Customer Support,17.8
VE1289,2024-10-02,Pune,55+,Male,10-20L,Instagram,Ashwagandha,Awareness,,Prefer Offline,0,,,,17.1
VE1290,2024-08-09,Bangalore,55+,Male,3-6L,Instagram,Collagen,Consideration,,Shipping Concerns,0,,,,7.3
VE1291,2024-08-04,Mumbai,35-44,Male,3-6L,YouTube,Ashwagandha,Consideration,,Too Expensive,0,,,,17.6
VE1292,2024-11-10,Delhi,55+,Female,3-6L,Instagram,Ashwagandha,Purchase,Discount/Offer,None,700,2,Detractor,Delivery Speed,10.3
VE1293,2024-08-18,Chennai,25-34,Male,10-20L,Doctor Recommendation,Collagen,Trial,Discount/Offer,Unsure of Efficacy,0,,,,13.7
VE1294,2024-11-06,Pune,55+,Male,20L+,YouTube,Whey Protein,Consideration,,Too Many Options,0,,,,11.1
VE1295,2024-06-08,Delhi,45-54,Female,10-20L,Doctor Recommendation,Probiotic,Intent,Peer Recommendation,Too Expensive,0,,,,17.5
VE1296,2024-06-11,Mumbai,35-44,Male,6-10L,Offline Store,Vitamin D3,Intent,Brand Trust,Shipping Concerns,0,,,,15.9
VE1297,2024-08-18,Delhi,45-54,Female,10-20L,Word of Mouth,Omega-3,Purchase,Peer Recommendation,None,3000,10,Promoter,Packaging,7.9
VE1298,2024-11-19,Jaipur,25-34,Male,10-20L,Instagram,Omega-3,Intent,Brand Trust,Lack of Trust,0,,,,4.7
VE1299,2024-11-23,Chennai,45-54,Female,3-6L,Google Search,Whey Protein,Consideration,,Prefer Offline,0,,,,16.3
VE1300,2024-09-07,Kolkata,35-44,Male,6-10L,Google Search,Whey Protein,Awareness,,Lack of Trust,0,,,,8.6
VE1301,2024-08-20,Bangalore,35-44,Female,<3L,Doctor Recommendation,Ashwagandha,Intent,Discount/Offer,None,0,,,,14.1
VE1302,2024-07-15,Mumbai,45-54,Female,6-10L,Google Search,Whey Protein,Trial,Discount/Offer,Too Many Options,0,,,,4.9
VE1303,2024-07-11,Jaipur,35-44,Prefer not to say,6-10L,Google Search,Whey Protein,Consideration,,Too Expensive,0,,,,5.1
VE1304,2024-06-30,Delhi,25-34,Female,<3L,Word of Mouth,Multivitamin,Intent,Influencer,Too Many Options,0,,,,14.2
VE1305,2024-07-02,Delhi,18-24,Male,6-10L,Word of Mouth,Multivitamin,Awareness,,Unsure of Efficacy,0,,,,17.0
VE1306,2024-11-14,Mumbai,55+,Female,10-20L,Word of Mouth,Multivitamin,Awareness,,Lack of Trust,0,,,,7.1
VE1307,2024-08-19,Bangalore,55+,Male,10-20L,Instagram,Whey Protein,Awareness,,None,0,,,,15.8
VE1308,2024-09-12,Ahmedabad,18-24,Female,3-6L,YouTube,Ashwagandha,Consideration,,Unsure of Efficacy,0,,,,10.4
VE1309,2024-11-19,Bangalore,25-34,Male,20L+,YouTube,Multivitamin,Awareness,,Lack of Trust,0,,,,17.8
VE1310,2024-06-01,Kolkata,35-44,Male,6-10L,Facebook,Ashwagandha,Awareness,,Prefer Offline,0,,,,9.5
VE1311,2024-10-22,Pune,25-34,Female,3-6L,Instagram,Omega-3,Consideration,,Too Expensive,0,,,,15.1
VE1312,2024-10-14,Mumbai,25-34,Female,20L+,Google Search,Omega-3,Awareness,,Too Many Options,0,,,,15.1
VE1313,2024-06-19,Mumbai,25-34,Female,3-6L,YouTube,Whey Protein,Intent,Brand Trust,Too Expensive,0,,,,6.3
VE1314,2024-11-27,Pune,25-34,Female,6-10L,Google Search,Collagen,Intent,Influencer,Too Expensive,0,,,,17.1
VE1315,2024-06-19,Pune,25-34,Male,20L+,Instagram,Omega-3,Intent,Influencer,Unsure of Efficacy,0,,,,15.1
VE1316,2024-06-25,Hyderabad,45-54,Female,3-6L,Instagram,Ashwagandha,Purchase,Influencer,None,300,8,Passive,Delivery Speed,16.4
VE1317,2024-08-07,Pune,25-34,Female,<3L,Google Search,Ashwagandha,Consideration,,Too Expensive,0,,,,15.0
VE1318,2024-07-03,Delhi,35-44,Male,10-20L,Google Search,Whey Protein,Consideration,,Too Expensive,0,,,,7.5
VE1319,2024-11-28,Ahmedabad,25-34,Female,6-10L,Instagram,Whey Protein,Awareness,,Prefer Offline,0,,,,11.3
VE1320,2024-10-22,Hyderabad,45-54,Female,3-6L,Instagram,Omega-3,Consideration,,Prefer Offline,0,,,,13.8
VE1321,2024-09-24,Mumbai,18-24,Male,6-10L,Facebook,Probiotic,Awareness,,Unsure of Efficacy,0,,,,5.4
VE1322,2024-08-29,Jaipur,35-44,Female,<3L,Instagram,Multivitamin,Trial,Discount/Offer,Too Many Options,0,,,,7.0
VE1323,2024-06-21,Pune,18-24,Male,20L+,Doctor Recommendation,Omega-3,Awareness,,Too Expensive,0,,,,4.9
VE1324,2024-06-19,Kolkata,35-44,Female,<3L,Google Search,Probiotic,Awareness,,Too Many Options,0,,,,12.1
VE1325,2024-08-23,Chennai,25-34,Female,10-20L,Google Search,Multivitamin,Intent,Doctor Recommended,Too Many Options,0,,,,17.4
VE1326,2024-06-30,Bangalore,35-44,Female,10-20L,Google Search,Whey Protein,Consideration,,Lack of Trust,0,,,,7.4
VE1327,2024-06-19,Delhi,25-34,Male,10-20L,Word of Mouth,Multivitamin,Intent,Brand Trust,Shipping Concerns,0,,,,10.4
VE1328,2024-10-13,Pune,45-54,Male,20L+,YouTube,Whey Protein,Awareness,,None,0,,,,5.0
VE1329,2024-09-18,Bangalore,35-44,Male,10-20L,Instagram,Multivitamin,Purchase,Doctor Recommended,None,3000,8,Passive,Product Efficacy,5.1
VE1330,2024-08-25,Delhi,45-54,Female,10-20L,YouTube,Omega-3,Intent,Brand Trust,Too Many Options,0,,,,12.5
VE1331,2024-10-17,Jaipur,45-54,Male,<3L,Google Search,Multivitamin,Consideration,,Too Expensive,0,,,,5.8
VE1332,2024-06-22,Lucknow,25-34,Male,6-10L,Google Search,Ashwagandha,Consideration,,Lack of Trust,0,,,,13.7
VE1333,2024-06-14,Chennai,18-24,Female,6-10L,Google Search,Probiotic,Consideration,,Unsure of Efficacy,0,,,,13.7
VE1334,2024-06-01,Ahmedabad,35-44,Male,20L+,Word of Mouth,Probiotic,Consideration,,Too Expensive,0,,,,14.8
VE1335,2024-11-27,Ahmedabad,18-24,Male,3-6L,Word of Mouth,Whey Protein,Awareness,,None,0,,,,10.4
VE1336,2024-11-06,Mumbai,25-34,Male,10-20L,Instagram,Omega-3,Intent,Price,Unsure of Efficacy,0,,,,13.2
VE1337,2024-07-30,Chennai,45-54,Male,20L+,YouTube,Ashwagandha,Intent,Brand Trust,Shipping Concerns,0,,,,4.5
VE1338,2024-08-29,Delhi,18-24,Male,<3L,Google Search,Vitamin D3,Repeat Purchase,Brand Trust,None,300,10,Promoter,Customer Support,6.9
VE1339,2024-10-18,Mumbai,35-44,Male,6-10L,Google Search,Whey Protein,Trial,Influencer,Too Many Options,0,,,,9.9
VE1340,2024-09-18,Jaipur,45-54,Female,<3L,YouTube,Omega-3,Consideration,,Shipping Concerns,0,,,,11.3
VE1341,2024-11-25,Chennai,35-44,Female,6-10L,Google Search,Multivitamin,Consideration,,Unsure of Efficacy,0,,,,4.8
VE1342,2024-09-09,Bangalore,25-34,Female,3-6L,YouTube,Whey Protein,Consideration,,Too Expensive,0,,,,17.8
VE1343,2024-08-20,Mumbai,45-54,Male,<3L,Google Search,Whey Protein,Intent,Ingredients Quality,Too Expensive,0,,,,8.7
VE1344,2024-06-25,Delhi,35-44,Male,<3L,Doctor Recommendation,Omega-3,Trial,Influencer,Shipping Concerns,0,,,,7.8
VE1345,2024-07-09,Ahmedabad,18-24,Male,6-10L,Word of Mouth,Ashwagandha,Consideration,,Unsure of Efficacy,0,,,,9.0
VE1346,2024-10-23,Hyderabad,55+,Male,10-20L,Doctor Recommendation,Whey Protein,Consideration,,Prefer Offline,0,,,,9.8
VE1347,2024-07-30,Jaipur,25-34,Female,10-20L,Word of Mouth,Probiotic,Intent,Price,Prefer Offline,0,,,,16.5
VE1348,2024-11-25,Hyderabad,18-24,Male,<3L,YouTube,Whey Protein,Purchase,Price,None,200,3,Detractor,Taste/Texture,11.6
VE1349,2024-07-02,Bangalore,45-54,Female,10-20L,Google Search,Omega-3,Awareness,,Prefer Offline,0,,,,11.7
VE1350,2024-08-25,Hyderabad,18-24,Female,3-6L,Word of Mouth,Ashwagandha,Consideration,,Too Expensive,0,,,,14.1
VE1351,2024-08-26,Ahmedabad,25-34,Female,10-20L,Doctor Recommendation,Whey Protein,Awareness,,Too Many Options,0,,,,11.4
VE1352,2024-10-27,Bangalore,18-24,Male,3-6L,Doctor Recommendation,Probiotic,Consideration,,Too Expensive,0,,,,6.7
VE1353,2024-06-14,Delhi,25-34,Male,3-6L,Facebook,Vitamin D3,Consideration,,Too Expensive,0,,,,8.2
VE1354,2024-10-03,Lucknow,35-44,Female,20L+,Doctor Recommendation,Ashwagandha,Consideration,,None,0,,,,14.0
VE1355,2024-11-20,Delhi,35-44,Male,<3L,Instagram,Whey Protein,Awareness,,Lack of Trust,0,,,,16.0
VE1356,2024-07-04,Pune,25-34,Female,3-6L,Doctor Recommendation,Multivitamin,Intent,Price,Too Expensive,0,,,,16.5
VE1357,2024-09-13,Mumbai,25-34,Female,10-20L,YouTube,Collagen,Consideration,,Prefer Offline,0,,,,9.9
VE1358,2024-10-28,Delhi,35-44,Male,<3L,Instagram,Whey Protein,Intent,Ingredients Quality,Lack of Trust,0,,,,8.5
VE1359,2024-11-03,Delhi,55+,Female,20L+,Instagram,Vitamin D3,Intent,Influencer,Unsure of Efficacy,0,,,,9.8
VE1360,2024-07-09,Hyderabad,45-54,Male,<3L,Google Search,Omega-3,Trial,Peer Recommendation,Shipping Concerns,0,,,,17.4
VE1361,2024-06-11,Bangalore,35-44,Female,<3L,Google Search,Multivitamin,Trial,Brand Trust,Too Many Options,0,,,,17.5
VE1362,2024-09-09,Lucknow,35-44,Female,3-6L,Instagram,Multivitamin,Consideration,,Unsure of Efficacy,0,,,,7.1
VE1363,2024-07-14,Bangalore,25-34,Female,<3L,Facebook,Multivitamin,Awareness,,Too Many Options,0,,,,17.2
VE1364,2024-10-21,Chennai,25-34,Male,10-20L,Doctor Recommendation,Ashwagandha,Awareness,,Prefer Offline,0,,,,17.3
VE1365,2024-10-31,Jaipur,35-44,Female,20L+,Instagram,Multivitamin,Consideration,,Too Expensive,0,,,,8.1
VE1366,2024-07-22,Hyderabad,45-54,Female,10-20L,Facebook,Multivitamin,Consideration,,Shipping Concerns,0,,,,9.4
VE1367,2024-07-31,Mumbai,25-34,Male,10-20L,Doctor Recommendation,Multivitamin,Consideration,,Shipping Concerns,0,,,,10.0
VE1368,2024-09-04,Lucknow,25-34,Female,10-20L,YouTube,Ashwagandha,Intent,Doctor Recommended,Lack of Trust,0,,,,14.2
VE1369,2024-11-10,Mumbai,25-34,Prefer not to say,6-10L,Google Search,Vitamin D3,Intent,Peer Recommendation,Unsure of Efficacy,0,,,,10.3
VE1370,2024-08-11,Delhi,18-24,Male,<3L,Word of Mouth,Whey Protein,Consideration,,Too Many Options,0,,,,11.4
VE1371,2024-08-27,Delhi,25-34,Male,10-20L,YouTube,Multivitamin,Trial,Price,Shipping Concerns,0,,,,6.3
VE1372,2024-09-03,Pune,35-44,Male,3-6L,Instagram,Collagen,Consideration,,Unsure of Efficacy,0,,,,7.8
VE1373,2024-07-11,Jaipur,45-54,Male,3-6L,YouTube,Ashwagandha,Trial,Brand Trust,None,0,,,,4.9
VE1374,2024-11-13,Chennai,18-24,Female,10-20L,Facebook,Whey Protein,Intent,Price,None,0,,,,8.8
VE1375,2024-07-24,Mumbai,55+,Male,20L+,YouTube,Probiotic,Awareness,,Unsure of Efficacy,0,,,,5.2
VE1376,2024-10-06,Delhi,55+,Female,20L+,Word of Mouth,Ashwagandha,Intent,Brand Trust,Shipping Concerns,0,,,,10.6
VE1377,2024-10-26,Bangalore,35-44,Male,3-6L,Instagram,Multivitamin,Consideration,,None,0,,,,15.5
VE1378,2024-09-21,Jaipur,18-24,Female,3-6L,Google Search,Ashwagandha,Trial,Brand Trust,Too Expensive,0,,,,7.0
VE1379,2024-09-27,Chennai,55+,Male,<3L,YouTube,Vitamin D3,Intent,Peer Recommendation,Prefer Offline,0,,,,11.2
VE1380,2024-07-13,Ahmedabad,25-34,Male,6-10L,YouTube,Whey Protein,Awareness,,Too Expensive,0,,,,12.6
VE1381,2024-07-18,Hyderabad,35-44,Male,3-6L,Instagram,Multivitamin,Consideration,,Shipping Concerns,0,,,,16.8
VE1382,2024-07-08,Delhi,35-44,Female,6-10L,Word of Mouth,Whey Protein,Consideration,,Too Expensive,0,,,,16.0
VE1383,2024-11-24,Chennai,45-54,Female,10-20L,Instagram,Multivitamin,Intent,Influencer,Too Expensive,0,,,,11.9
VE1384,2024-09-26,Delhi,25-34,Female,10-20L,Instagram,Omega-3,Consideration,,Unsure of Efficacy,0,,,,4.7
VE1385,2024-07-02,Delhi,18-24,Female,20L+,Offline Store,Multivitamin,Awareness,,Too Many Options,0,,,,14.0
VE1386,2024-10-05,Chennai,45-54,Male,10-20L,Instagram,Probiotic,Awareness,,Prefer Offline,0,,,,10.5
VE1387,2024-08-07,Delhi,25-34,Prefer not to say,3-6L,Word of Mouth,Whey Protein,Awareness,,Shipping Concerns,0,,,,13.1
VE1388,2024-11-03,Mumbai,55+,Male,20L+,Doctor Recommendation,Omega-3,Consideration,,Too Many Options,0,,,,6.9
VE1389,2024-08-30,Bangalore,25-34,Female,6-10L,Offline Store,Whey Protein,Consideration,,Unsure of Efficacy,0,,,,16.2
VE1390,2024-08-02,Delhi,35-44,Female,3-6L,Word of Mouth,Omega-3,Purchase,Discount/Offer,None,300,9,Promoter,Packaging,4.7
VE1391,2024-11-16,Delhi,35-44,Male,6-10L,Google Search,Multivitamin,Intent,Ingredients Quality,Unsure of Efficacy,0,,,,14.4
VE1392,2024-09-30,Delhi,25-34,Female,10-20L,Facebook,Ashwagandha,Intent,Price,Too Many Options,0,,,,9.0
VE1393,2024-08-09,Delhi,55+,Male,10-20L,Google Search,Whey Protein,Purchase,Price,None,2000,0,Detractor,Packaging,17.7
VE1394,2024-11-18,Delhi,35-44,Female,<3L,Word of Mouth,Whey Protein,Consideration,,Too Many Options,0,,,,16.7
VE1395,2024-11-06,Bangalore,35-44,Female,6-10L,Google Search,Omega-3,Repeat Purchase,Ingredients Quality,None,1000,4,Detractor,Customer Support,13.6
VE1396,2024-06-08,Bangalore,25-34,Female,6-10L,Google Search,Ashwagandha,Intent,Brand Trust,Too Many Options,0,,,,7.2
VE1397,2024-11-02,Delhi,35-44,Male,3-6L,Facebook,Ashwagandha,Awareness,,Too Many Options,0,,,,7.6
VE1398,2024-07-08,Delhi,18-24,Male,10-20L,Word of Mouth,Omega-3,Consideration,,Too Many Options,0,,,,15.3
VE1399,2024-08-12,Bangalore,35-44,Male,6-10L,Google Search,Multivitamin,Consideration,,Prefer Offline,0,,,,8.5
VE1400,2024-09-23,Hyderabad,55+,Female,<3L,Doctor Recommendation,Multivitamin,Consideration,,Too Expensive,0,,,,4.9
VE1401,2024-09-13,Mumbai,25-34,Male,3-6L,Google Search,Multivitamin,Repeat Purchase,Discount/Offer,None,700,4,Detractor,Delivery Speed,7.5
VE1402,2024-07-23,Delhi,25-34,Male,<3L,YouTube,Whey Protein,Intent,Doctor Recommended,Unsure of Efficacy,0,,,,16.0
VE1403,2024-11-05,Mumbai,25-34,Female,10-20L,Word of Mouth,Ashwagandha,Intent,Brand Trust,None,0,,,,16.3
VE1404,2024-08-14,Pune,25-34,Male,<3L,Doctor Recommendation,Ashwagandha,Consideration,,Too Many Options,0,,,,15.8
VE1405,2024-08-06,Mumbai,25-34,Male,10-20L,Doctor Recommendation,Multivitamin,Consideration,,Too Many Options,0,,,,6.5
VE1406,2024-06-13,Hyderabad,25-34,Male,10-20L,Word of Mouth,Whey Protein,Consideration,,Too Many Options,0,,,,5.8
VE1407,2024-07-11,Delhi,18-24,Female,6-10L,Instagram,Ashwagandha,Purchase,Influencer,None,1000,7,Passive,Delivery Speed,10.1
VE1408,2024-08-26,Bangalore,35-44,Female,3-6L,Instagram,Whey Protein,Trial,Brand Trust,Too Many Options,0,,,,15.6
VE1409,2024-07-07,Ahmedabad,45-54,Male,10-20L,Instagram,Probiotic,Trial,Doctor Recommended,Unsure of Efficacy,0,,,,13.0
VE1410,2024-09-29,Lucknow,35-44,Male,10-20L,Facebook,Ashwagandha,Awareness,,Unsure of Efficacy,0,,,,12.0
VE1411,2024-07-19,Mumbai,25-34,Male,<3L,Instagram,Omega-3,Consideration,,Unsure of Efficacy,0,,,,7.1
VE1412,2024-09-13,Delhi,35-44,Male,10-20L,Instagram,Omega-3,Intent,Price,Unsure of Efficacy,0,,,,14.1
VE1413,2024-09-15,Bangalore,35-44,Female,6-10L,Doctor Recommendation,Collagen,Consideration,,None,0,,,,14.1
VE1414,2024-07-07,Hyderabad,25-34,Female,20L+,Instagram,Collagen,Consideration,,Prefer Offline,0,,,,5.4
VE1415,2024-08-07,Delhi,18-24,Male,3-6L,Instagram,Omega-3,Awareness,,Unsure of Efficacy,0,,,,6.7
VE1416,2024-10-22,Hyderabad,25-34,Male,3-6L,Word of Mouth,Ashwagandha,Awareness,,Lack of Trust,0,,,,7.2
VE1417,2024-10-12,Lucknow,35-44,Male,3-6L,Instagram,Multivitamin,Awareness,,Too Expensive,0,,,,7.6
VE1418,2024-07-27,Delhi,25-34,Male,10-20L,Instagram,Probiotic,Awareness,,Unsure of Efficacy,0,,,,10.4
VE1419,2024-09-18,Delhi,25-34,Female,10-20L,YouTube,Probiotic,Purchase,Brand Trust,None,2000,9,Promoter,Customer Support,8.0
VE1420,2024-10-03,Delhi,18-24,Male,20L+,Word of Mouth,Whey Protein,Intent,Peer Recommendation,Lack of Trust,0,,,,5.7
VE1421,2024-07-12,Jaipur,35-44,Male,<3L,YouTube,Omega-3,Awareness,,Unsure of Efficacy,0,,,,13.4
VE1422,2024-10-18,Bangalore,35-44,Male,20L+,Google Search,Ashwagandha,Trial,Ingredients Quality,Shipping Concerns,0,,,,5.2
VE1423,2024-09-01,Chennai,25-34,Female,6-10L,Word of Mouth,Omega-3,Intent,Brand Trust,Unsure of Efficacy,0,,,,15.3
VE1424,2024-10-28,Pune,25-34,Male,6-10L,Word of Mouth,Probiotic,Awareness,,Too Expensive,0,,,,11.1
VE1425,2024-11-08,Delhi,35-44,Female,10-20L,Instagram,Whey Protein,Awareness,,Too Expensive,0,,,,17.5
VE1426,2024-06-11,Mumbai,25-34,Female,6-10L,Facebook,Ashwagandha,Consideration,,Shipping Concerns,0,,,,16.0
VE1427,2024-10-03,Mumbai,18-24,Female,3-6L,Instagram,Whey Protein,Awareness,,Too Many Options,0,,,,6.9
VE1428,2024-08-21,Pune,45-54,Male,<3L,Instagram,Probiotic,Awareness,,Lack of Trust,0,,,,7.5
VE1429,2024-09-25,Delhi,18-24,Female,3-6L,Instagram,Whey Protein,Consideration,,Unsure of Efficacy,0,,,,16.0
VE1430,2024-07-20,Ahmedabad,35-44,Male,6-10L,Instagram,Vitamin D3,Intent,Price,Prefer Offline,0,,,,11.4
VE1431,2024-10-27,Jaipur,18-24,Male,10-20L,Instagram,Multivitamin,Consideration,,Too Many Options,0,,,,12.8
VE1432,2024-08-20,Delhi,35-44,Male,6-10L,Facebook,Multivitamin,Intent,Ingredients Quality,Unsure of Efficacy,0,,,,8.1
VE1433,2024-09-24,Jaipur,25-34,Female,3-6L,YouTube,Whey Protein,Consideration,,Unsure of Efficacy,0,,,,6.4
VE1434,2024-11-02,Delhi,35-44,Female,20L+,Instagram,Multivitamin,Consideration,,None,0,,,,7.4
VE1435,2024-07-09,Hyderabad,25-34,Female,6-10L,Instagram,Multivitamin,Consideration,,Too Many Options,0,,,,15.7
VE1436,2024-08-15,Chennai,55+,Male,6-10L,YouTube,Multivitamin,Consideration,,Too Many Options,0,,,,7.1
VE1437,2024-06-28,Mumbai,35-44,Female,<3L,Google Search,Probiotic,Consideration,,Too Expensive,0,,,,6.9
VE1438,2024-07-09,Delhi,45-54,Female,6-10L,YouTube,Ashwagandha,Awareness,,Lack of Trust,0,,,,16.2
VE1439,2024-10-18,Bangalore,25-34,Male,20L+,Instagram,Ashwagandha,Intent,Doctor Recommended,None,0,,,,15.8
VE1440,2024-11-20,Delhi,45-54,Male,20L+,Facebook,Omega-3,Intent,Influencer,Lack of Trust,0,,,,13.1
VE1441,2024-08-12,Jaipur,25-34,Male,10-20L,Google Search,Ashwagandha,Consideration,,Too Expensive,0,,,,14.2
VE1442,2024-09-20,Kolkata,18-24,Male,<3L,Word of Mouth,Whey Protein,Trial,Brand Trust,Prefer Offline,0,,,,5.7
VE1443,2024-11-05,Bangalore,45-54,Male,6-10L,Offline Store,Multivitamin,Trial,Price,Too Many Options,0,,,,7.5
VE1444,2024-09-19,Bangalore,18-24,Female,3-6L,Instagram,Whey Protein,Awareness,,Lack of Trust,0,,,,7.1
VE1445,2024-09-10,Delhi,18-24,Male,<3L,Doctor Recommendation,Multivitamin,Awareness,,Shipping Concerns,0,,,,17.1
VE1446,2024-10-20,Chennai,55+,Female,6-10L,Google Search,Omega-3,Trial,Brand Trust,Prefer Offline,0,,,,17.1
VE1447,2024-07-29,Delhi,35-44,Female,10-20L,Google Search,Probiotic,Consideration,,Too Expensive,0,,,,10.0
VE1448,2024-06-22,Bangalore,35-44,Female,20L+,Facebook,Collagen,Awareness,,Too Expensive,0,,,,5.9
VE1449,2024-09-20,Hyderabad,55+,Male,20L+,Instagram,Ashwagandha,Awareness,,Too Expensive,0,,,,14.2
VE1450,2024-07-10,Delhi,35-44,Male,20L+,YouTube,Whey Protein,Awareness,,Lack of Trust,0,,,,11.6
VE1451,2024-08-23,Chennai,35-44,Female,<3L,Facebook,Omega-3,Consideration,,Prefer Offline,0,,,,15.6
VE1452,2024-07-13,Delhi,45-54,Female,<3L,Google Search,Multivitamin,Awareness,,Too Many Options,0,,,,12.7
VE1453,2024-09-13,Delhi,45-54,Female,3-6L,Google Search,Ashwagandha,Intent,Doctor Recommended,Prefer Offline,0,,,,17.9
VE1454,2024-07-09,Chennai,25-34,Female,10-20L,Google Search,Collagen,Intent,Price,Prefer Offline,0,,,,12.8
VE1455,2024-10-30,Hyderabad,55+,Male,3-6L,Instagram,Omega-3,Consideration,,Lack of Trust,0,,,,12.3
VE1456,2024-11-03,Delhi,25-34,Male,10-20L,YouTube,Ashwagandha,Awareness,,Too Expensive,0,,,,12.3
VE1457,2024-09-10,Bangalore,35-44,Female,6-10L,YouTube,Ashwagandha,Intent,Influencer,Unsure of Efficacy,0,,,,17.4
VE1458,2024-07-20,Kolkata,45-54,Female,<3L,YouTube,Multivitamin,Consideration,,Unsure of Efficacy,0,,,,14.4
VE1459,2024-10-16,Kolkata,18-24,Male,10-20L,Google Search,Multivitamin,Consideration,,Too Expensive,0,,,,16.3
VE1460,2024-08-23,Lucknow,18-24,Female,<3L,YouTube,Vitamin D3,Intent,Discount/Offer,Too Expensive,0,,,,8.2
VE1461,2024-08-04,Mumbai,18-24,Male,6-10L,Google Search,Omega-3,Awareness,,Lack of Trust,0,,,,11.0
VE1462,2024-11-18,Kolkata,35-44,Female,10-20L,Instagram,Probiotic,Awareness,,Too Many Options,0,,,,17.8
VE1463,2024-07-31,Delhi,55+,Male,6-10L,Instagram,Whey Protein,Repeat Purchase,Discount/Offer,None,1500,9,Promoter,Product Efficacy,17.6
VE1464,2024-08-31,Bangalore,18-24,Male,6-10L,Doctor Recommendation,Vitamin D3,Consideration,,Unsure of Efficacy,0,,,,12.2
VE1465,2024-10-07,Pune,45-54,Female,6-10L,Google Search,Whey Protein,Awareness,,Lack of Trust,0,,,,6.0
VE1466,2024-07-23,Bangalore,45-54,Male,3-6L,Facebook,Multivitamin,Awareness,,Too Expensive,0,,,,9.8
VE1467,2024-08-10,Chennai,55+,Female,20L+,Doctor Recommendation,Multivitamin,Trial,Price,Shipping Concerns,0,,,,16.3
VE1468,2024-07-06,Mumbai,25-34,Male,20L+,Instagram,Ashwagandha,Intent,Ingredients Quality,Prefer Offline,0,,,,8.0
VE1469,2024-08-18,Bangalore,25-34,Female,10-20L,YouTube,Ashwagandha,Trial,Brand Trust,Unsure of Efficacy,0,,,,11.1
VE1470,2024-06-21,Lucknow,25-34,Female,3-6L,Instagram,Collagen,Awareness,,Too Expensive,0,,,,9.8
VE1471,2024-11-16,Delhi,18-24,Female,20L+,Word of Mouth,Multivitamin,Awareness,,Too Expensive,0,,,,11.2
VE1472,2024-09-17,Pune,35-44,Female,3-6L,YouTube,Multivitamin,Repeat Purchase,Ingredients Quality,None,700,4,Detractor,Taste/Texture,5.9
VE1473,2024-06-30,Lucknow,25-34,Male,<3L,Instagram,Multivitamin,Consideration,,Too Expensive,0,,,,12.6
VE1474,2024-08-06,Bangalore,25-34,Male,10-20L,Google Search,Multivitamin,Intent,Peer Recommendation,Lack of Trust,0,,,,15.7
VE1475,2024-09-27,Delhi,35-44,Female,20L+,YouTube,Multivitamin,Awareness,,Too Many Options,0,,,,9.0
VE1476,2024-10-04,Bangalore,18-24,Male,6-10L,YouTube,Probiotic,Intent,Influencer,Too Many Options,0,,,,10.3
VE1477,2024-06-10,Bangalore,25-34,Female,10-20L,Google Search,Multivitamin,Purchase,Brand Trust,None,1000,7,Passive,Product Efficacy,13.8
VE1478,2024-09-13,Mumbai,35-44,Female,10-20L,Google Search,Collagen,Intent,Price,Prefer Offline,0,,,,7.0
VE1479,2024-08-11,Ahmedabad,25-34,Female,6-10L,YouTube,Whey Protein,Awareness,,Too Many Options,0,,,,17.8
VE1480,2024-07-28,Mumbai,25-34,Female,6-10L,Doctor Recommendation,Ashwagandha,Consideration,,Unsure of Efficacy,0,,,,13.8
VE1481,2024-06-29,Delhi,35-44,Male,3-6L,Instagram,Probiotic,Awareness,,Too Many Options,0,,,,6.7
VE1482,2024-11-28,Delhi,35-44,Female,3-6L,YouTube,Ashwagandha,Consideration,,Prefer Offline,0,,,,12.9
VE1483,2024-11-19,Hyderabad,25-34,Male,3-6L,Facebook,Multivitamin,Awareness,,Prefer Offline,0,,,,14.7
VE1484,2024-07-03,Jaipur,35-44,Female,<3L,Instagram,Omega-3,Consideration,,Too Many Options,0,,,,15.6
VE1485,2024-08-16,Bangalore,25-34,Female,10-20L,Doctor Recommendation,Omega-3,Awareness,,Lack of Trust,0,,,,16.9
VE1486,2024-08-07,Jaipur,45-54,Female,10-20L,Instagram,Omega-3,Awareness,,Prefer Offline,0,,,,17.8
VE1487,2024-06-27,Delhi,35-44,Female,3-6L,Google Search,Collagen,Awareness,,Too Expensive,0,,,,12.3
VE1488,2024-11-04,Lucknow,25-34,Female,3-6L,Facebook,Ashwagandha,Awareness,,Too Expensive,0,,,,15.8
VE1489,2024-09-22,Bangalore,18-24,Male,6-10L,YouTube,Omega-3,Consideration,,Unsure of Efficacy,0,,,,14.6
VE1490,2024-10-16,Pune,35-44,Male,10-20L,Word of Mouth,Ashwagandha,Consideration,,Too Expensive,0,,,,6.1
VE1491,2024-08-01,Pune,18-24,Male,10-20L,Instagram,Ashwagandha,Intent,Doctor Recommended,Unsure of Efficacy,0,,,,5.1
VE1492,2024-06-16,Chennai,25-34,Female,<3L,Google Search,Whey Protein,Purchase,Doctor Recommended,None,300,10,Promoter,Delivery Speed,11.7
VE1493,2024-07-23,Mumbai,25-34,Female,<3L,Word of Mouth,Omega-3,Purchase,Ingredients Quality,None,300,8,Passive,Taste/Texture,17.7
VE1494,2024-09-19,Delhi,35-44,Male,6-10L,Instagram,Multivitamin,Intent,Influencer,Unsure of Efficacy,0,,,,5.9
VE1495,2024-08-14,Mumbai,55+,Female,6-10L,Doctor Recommendation,Probiotic,Purchase,Discount/Offer,None,2000,8,Passive,Price-Value,7.9
VE1496,2024-07-16,Bangalore,25-34,Male,<3L,Word of Mouth,Multivitamin,Intent,Influencer,None,0,,,,9.0
VE1497,2024-11-10,Ahmedabad,25-34,Male,20L+,Facebook,Whey Protein,Trial,Price,Too Expensive,0,,,,7.3
VE1498,2024-07-05,Jaipur,25-34,Male,6-10L,Word of Mouth,Omega-3,Intent,Peer Recommendation,None,0,,,,12.3
VE1499,2024-06-12,Bangalore,25-34,Female,10-20L,Google Search,Ashwagandha,Awareness,,Shipping Concerns,0,,,,6.8
VE1500,2024-10-16,Pune,25-34,Female,6-10L,Instagram,Multivitamin,Awareness,,Too Expensive,0,,,,15.7
VE1501,2024-08-24,Hyderabad,45-54,Male,6-10L,YouTube,Probiotic,Consideration,,Lack of Trust,0,,,,15.1
VE1502,2024-09-07,Kolkata,45-54,Female,10-20L,Instagram,Multivitamin,Intent,Price,Prefer Offline,0,,,,10.5
VE1503,2024-08-31,Lucknow,25-34,Male,6-10L,Word of Mouth,Omega-3,Awareness,,Too Expensive,0,,,,12.7
VE1504,2024-11-07,Ahmedabad,55+,Male,6-10L,Google Search,Multivitamin,Purchase,Discount/Offer,None,1500,3,Detractor,Taste/Texture,16.1
VE1505,2024-07-30,Ahmedabad,35-44,Female,3-6L,YouTube,Whey Protein,Awareness,,Too Expensive,0,,,,14.0
VE1506,2024-10-05,Chennai,45-54,Male,6-10L,Instagram,Multivitamin,Awareness,,Shipping Concerns,0,,,,5.3
VE1507,2024-10-02,Pune,25-34,Female,20L+,Instagram,Multivitamin,Awareness,,Too Expensive,0,,,,6.5
VE1508,2024-09-08,Lucknow,45-54,Female,3-6L,Instagram,Whey Protein,Repeat Purchase,Discount/Offer,None,500,5,Detractor,Product Efficacy,11.7
VE1509,2024-11-07,Delhi,25-34,Male,6-10L,Word of Mouth,Whey Protein,Trial,Brand Trust,None,0,,,,15.0
VE1510,2024-06-09,Hyderabad,35-44,Male,20L+,YouTube,Whey Protein,Intent,Ingredients Quality,Too Expensive,0,,,,10.9
VE1511,2024-08-20,Delhi,18-24,Male,3-6L,Word of Mouth,Vitamin D3,Intent,Price,Lack of Trust,0,,,,13.3
VE1512,2024-07-14,Delhi,18-24,Female,6-10L,Instagram,Omega-3,Awareness,,Too Many Options,0,,,,6.4
VE1513,2024-07-01,Delhi,45-54,Male,20L+,Word of Mouth,Ashwagandha,Awareness,,None,0,,,,12.2
VE1514,2024-10-19,Kolkata,55+,Male,<3L,Instagram,Multivitamin,Consideration,,Shipping Concerns,0,,,,8.5
VE1515,2024-07-04,Delhi,18-24,Female,<3L,YouTube,Whey Protein,Consideration,,Too Expensive,0,,,,12.4
VE1516,2024-08-18,Pune,25-34,Female,10-20L,YouTube,Whey Protein,Intent,Doctor Recommended,Unsure of Efficacy,0,,,,10.8
VE1517,2024-06-21,Chennai,35-44,Male,6-10L,Offline Store,Ashwagandha,Intent,Ingredients Quality,Unsure of Efficacy,0,,,,5.0
VE1518,2024-06-28,Delhi,35-44,Male,20L+,Google Search,Collagen,Intent,Discount/Offer,Lack of Trust,0,,,,7.9
VE1519,2024-10-21,Bangalore,45-54,Prefer not to say,10-20L,Instagram,Omega-3,Awareness,,Shipping Concerns,0,,,,8.7
VE1520,2024-08-06,Delhi,35-44,Male,6-10L,Offline Store,Vitamin D3,Trial,Price,Prefer Offline,0,,,,5.2
VE1521,2024-10-25,Pune,35-44,Female,10-20L,Facebook,Whey Protein,Consideration,,Too Expensive,0,,,,15.1
VE1522,2024-07-29,Mumbai,25-34,Male,6-10L,Facebook,Omega-3,Intent,Doctor Recommended,Prefer Offline,0,,,,14.1
VE1523,2024-06-03,Delhi,55+,Male,10-20L,Word of Mouth,Ashwagandha,Awareness,,Unsure of Efficacy,0,,,,4.5
VE1524,2024-07-24,Pune,18-24,Male,6-10L,YouTube,Collagen,Awareness,,None,0,,,,7.7
VE1525,2024-06-29,Hyderabad,18-24,Female,10-20L,Google Search,Whey Protein,Purchase,Price,None,2000,10,Promoter,Product Efficacy,11.2
VE1526,2024-09-25,Pune,35-44,Female,10-20L,Word of Mouth,Ashwagandha,Intent,Peer Recommendation,Unsure of Efficacy,0,,,,17.2
VE1527,2024-10-19,Bangalore,55+,Male,<3L,Instagram,Ashwagandha,Awareness,,Too Many Options,0,,,,13.7
VE1528,2024-08-03,Bangalore,45-54,Female,3-6L,YouTube,Probiotic,Purchase,Ingredients Quality,None,700,8,Passive,Delivery Speed,17.5
VE1529,2024-08-19,Delhi,18-24,Female,10-20L,Word of Mouth,Whey Protein,Consideration,,Unsure of Efficacy,0,,,,4.9
VE1530,2024-08-22,Mumbai,35-44,Female,3-6L,Doctor Recommendation,Multivitamin,Intent,Price,Too Many Options,0,,,,16.4
VE1531,2024-06-05,Kolkata,35-44,Female,<3L,Google Search,Probiotic,Intent,Peer Recommendation,None,0,,,,17.5
VE1532,2024-09-09,Delhi,35-44,Male,<3L,Instagram,Multivitamin,Intent,Ingredients Quality,Too Expensive,0,,,,6.7
VE1533,2024-07-27,Mumbai,25-34,Male,<3L,Google Search,Vitamin D3,Intent,Price,Too Expensive,0,,,,17.2
VE1534,2024-11-08,Delhi,35-44,Male,6-10L,YouTube,Probiotic,Consideration,,Too Expensive,0,,,,7.5
VE1535,2024-08-07,Bangalore,18-24,Male,6-10L,Google Search,Omega-3,Consideration,,Lack of Trust,0,,,,7.2
VE1536,2024-07-03,Hyderabad,55+,Female,<3L,Instagram,Whey Protein,Awareness,,None,0,,,,4.7
VE1537,2024-09-18,Bangalore,25-34,Female,10-20L,Word of Mouth,Vitamin D3,Trial,Ingredients Quality,Shipping Concerns,0,,,,10.2
VE1538,2024-07-27,Kolkata,25-34,Female,<3L,Google Search,Multivitamin,Intent,Ingredients Quality,Too Expensive,0,,,,11.1
VE1539,2024-07-09,Mumbai,25-34,Prefer not to say,<3L,Offline Store,Omega-3,Purchase,Ingredients Quality,None,200,7,Passive,Taste/Texture,11.4
VE1540,2024-09-16,Chennai,25-34,Male,10-20L,YouTube,Whey Protein,Consideration,,None,0,,,,16.4
VE1541,2024-09-13,Kolkata,25-34,Female,3-6L,Google Search,Omega-3,Awareness,,Too Many Options,0,,,,13.1
VE1542,2024-09-01,Delhi,25-34,Female,10-20L,YouTube,Omega-3,Awareness,,None,0,,,,7.7
VE1543,2024-08-09,Kolkata,25-34,Male,6-10L,Word of Mouth,Multivitamin,Trial,Influencer,Unsure of Efficacy,0,,,,6.7
VE1544,2024-08-05,Hyderabad,18-24,Prefer not to say,6-10L,Instagram,Multivitamin,Awareness,,Lack of Trust,0,,,,13.6
VE1545,2024-11-04,Bangalore,25-34,Female,6-10L,YouTube,Whey Protein,Purchase,Influencer,None,1000,9,Promoter,Customer Support,8.2
VE1546,2024-09-16,Hyderabad,55+,Male,10-20L,Instagram,Collagen,Awareness,,None,0,,,,5.7
VE1547,2024-09-03,Mumbai,35-44,Male,10-20L,Instagram,Probiotic,Trial,Influencer,Too Expensive,0,,,,11.2
VE1548,2024-06-26,Pune,35-44,Male,<3L,Instagram,Whey Protein,Awareness,,Too Expensive,0,,,,11.9
VE1549,2024-10-30,Hyderabad,45-54,Male,<3L,Instagram,Vitamin D3,Consideration,,Prefer Offline,0,,,,7.7
VE1550,2024-11-24,Bangalore,18-24,Female,10-20L,Google Search,Whey Protein,Awareness,,Shipping Concerns,0,,,,16.4
VE1551,2024-07-10,Pune,55+,Female,6-10L,Word of Mouth,Whey Protein,Intent,Peer Recommendation,Too Many Options,0,,,,16.2
VE1552,2024-06-03,Hyderabad,18-24,Female,3-6L,YouTube,Whey Protein,Purchase,Influencer,None,300,8,Passive,Delivery Speed,12.6
VE1553,2024-06-15,Pune,25-34,Female,<3L,Instagram,Ashwagandha,Consideration,,None,0,,,,6.3
VE1554,2024-07-22,Chennai,45-54,Female,20L+,Instagram,Omega-3,Repeat Purchase,Doctor Recommended,None,2000,10,Promoter,Product Efficacy,15.3
VE1555,2024-10-19,Delhi,35-44,Female,10-20L,YouTube,Vitamin D3,Trial,Brand Trust,Lack of Trust,0,,,,16.3
VE1556,2024-07-18,Delhi,45-54,Male,<3L,Offline Store,Ashwagandha,Awareness,,Too Many Options,0,,,,8.0
VE1557,2024-11-18,Bangalore,25-34,Male,10-20L,Instagram,Ashwagandha,Intent,Discount/Offer,Lack of Trust,0,,,,5.7
VE1558,2024-06-15,Pune,45-54,Female,10-20L,YouTube,Whey Protein,Awareness,,Too Expensive,0,,,,5.1
VE1559,2024-11-14,Bangalore,25-34,Female,3-6L,Instagram,Ashwagandha,Purchase,Doctor Recommended,None,300,6,Detractor,Product Efficacy,16.8
VE1560,2024-09-17,Hyderabad,45-54,Female,3-6L,Instagram,Whey Protein,Purchase,Influencer,None,1000,9,Promoter,Price-Value,15.2
VE1561,2024-07-30,Chennai,55+,Female,3-6L,Google Search,Whey Protein,Consideration,,Shipping Concerns,0,,,,16.8
VE1562,2024-09-16,Mumbai,55+,Male,10-20L,Google Search,Omega-3,Awareness,,Unsure of Efficacy,0,,,,11.9
VE1563,2024-08-22,Pune,45-54,Male,6-10L,Instagram,Omega-3,Consideration,,Too Expensive,0,,,,14.8
VE1564,2024-10-06,Bangalore,25-34,Male,6-10L,Facebook,Whey Protein,Consideration,,Too Expensive,0,,,,4.8
VE1565,2024-08-15,Pune,25-34,Female,20L+,Word of Mouth,Omega-3,Repeat Purchase,Brand Trust,None,7000,4,Detractor,Price-Value,8.1
VE1566,2024-11-14,Bangalore,55+,Female,6-10L,Word of Mouth,Whey Protein,Repeat Purchase,Influencer,None,500,10,Promoter,Customer Support,8.9
VE1567,2024-09-26,Chennai,25-34,Male,3-6L,Instagram,Collagen,Purchase,Peer Recommendation,None,300,8,Passive,Price-Value,6.3
VE1568,2024-09-23,Chennai,25-34,Male,6-10L,Instagram,Collagen,Intent,Discount/Offer,Unsure of Efficacy,0,,,,13.8
VE1569,2024-08-31,Hyderabad,25-34,Female,10-20L,Doctor Recommendation,Ashwagandha,Consideration,,Too Expensive,0,,,,11.5
VE1570,2024-10-12,Lucknow,35-44,Male,<3L,YouTube,Multivitamin,Intent,Ingredients Quality,None,0,,,,10.9
VE1571,2024-10-26,Bangalore,18-24,Female,6-10L,YouTube,Vitamin D3,Awareness,,Unsure of Efficacy,0,,,,10.1
VE1572,2024-06-15,Pune,25-34,Female,6-10L,YouTube,Multivitamin,Intent,Price,Shipping Concerns,0,,,,6.5
VE1573,2024-07-17,Bangalore,45-54,Female,3-6L,Word of Mouth,Whey Protein,Intent,Influencer,Too Expensive,0,,,,15.8
VE1574,2024-09-03,Chennai,25-34,Female,20L+,Instagram,Whey Protein,Awareness,,Too Expensive,0,,,,6.0
VE1575,2024-08-08,Kolkata,25-34,Female,<3L,Instagram,Whey Protein,Trial,Brand Trust,Too Expensive,0,,,,14.6
VE1576,2024-10-24,Kolkata,18-24,Prefer not to say,20L+,Instagram,Multivitamin,Repeat Purchase,Influencer,None,2000,10,Promoter,Delivery Speed,5.6
VE1577,2024-07-20,Bangalore,35-44,Female,10-20L,Facebook,Multivitamin,Intent,Brand Trust,Shipping Concerns,0,,,,12.3
VE1578,2024-06-29,Ahmedabad,25-34,Female,10-20L,YouTube,Multivitamin,Intent,Price,Unsure of Efficacy,0,,,,8.0
VE1579,2024-07-11,Ahmedabad,35-44,Female,20L+,YouTube,Ashwagandha,Consideration,,Too Expensive,0,,,,17.9
VE1580,2024-10-05,Delhi,45-54,Male,6-10L,Doctor Recommendation,Multivitamin,Intent,Peer Recommendation,Too Expensive,0,,,,14.2
VE1581,2024-09-24,Bangalore,25-34,Male,10-20L,Google Search,Multivitamin,Awareness,,Too Many Options,0,,,,12.9
VE1582,2024-11-08,Hyderabad,18-24,Female,6-10L,Google Search,Multivitamin,Consideration,,None,0,,,,15.9
VE1583,2024-06-06,Delhi,35-44,Female,20L+,Google Search,Collagen,Repeat Purchase,Peer Recommendation,None,5000,10,Promoter,Packaging,4.9
VE1584,2024-08-06,Hyderabad,45-54,Female,3-6L,Instagram,Vitamin D3,Intent,Brand Trust,Too Expensive,0,,,,15.4
VE1585,2024-11-14,Kolkata,25-34,Prefer not to say,<3L,Doctor Recommendation,Multivitamin,Intent,Discount/Offer,Unsure of Efficacy,0,,,,12.3
VE1586,2024-10-20,Kolkata,25-34,Female,6-10L,Word of Mouth,Multivitamin,Awareness,,Unsure of Efficacy,0,,,,9.8
VE1587,2024-07-12,Hyderabad,18-24,Female,<3L,Google Search,Ashwagandha,Awareness,,Unsure of Efficacy,0,,,,15.7
VE1588,2024-08-08,Pune,18-24,Female,<3L,Word of Mouth,Collagen,Consideration,,Too Many Options,0,,,,17.3
VE1589,2024-07-01,Delhi,55+,Male,<3L,YouTube,Ashwagandha,Purchase,Brand Trust,None,0,9,Promoter,Taste/Texture,9.1
VE1590,2024-06-26,Hyderabad,25-34,Male,10-20L,Instagram,Multivitamin,Awareness,,Too Expensive,0,,,,16.0
VE1591,2024-08-10,Bangalore,18-24,Female,6-10L,YouTube,Multivitamin,Awareness,,Too Expensive,0,,,,16.5
VE1592,2024-09-17,Delhi,45-54,Male,<3L,Google Search,Ashwagandha,Awareness,,Shipping Concerns,0,,,,16.3
VE1593,2024-08-09,Delhi,18-24,Male,3-6L,Instagram,Multivitamin,Trial,Price,Too Many Options,0,,,,7.7
VE1594,2024-06-13,Bangalore,25-34,Female,6-10L,Instagram,Omega-3,Awareness,,Unsure of Efficacy,0,,,,16.1
VE1595,2024-07-10,Lucknow,25-34,Male,10-20L,Google Search,Ashwagandha,Purchase,Price,None,4000,8,Passive,Price-Value,13.1
VE1596,2024-10-26,Delhi,25-34,Male,3-6L,Google Search,Omega-3,Intent,Price,Unsure of Efficacy,0,,,,17.5
VE1597,2024-08-10,Delhi,25-34,Female,10-20L,YouTube,Omega-3,Consideration,,Too Expensive,0,,,,13.9
VE1598,2024-10-01,Delhi,45-54,Male,6-10L,YouTube,Whey Protein,Purchase,Discount/Offer,None,1500,3,Detractor,Customer Support,6.8
VE1599,2024-07-11,Delhi,45-54,Male,<3L,Instagram,Ashwagandha,Consideration,,Too Expensive,0,,,,10.5
VE1600,2024-10-20,Bangalore,35-44,Male,3-6L,Instagram,Probiotic,Intent,Price,Too Many Options,0,,,,12.5
VE1601,2024-06-04,Hyderabad,35-44,Male,10-20L,YouTube,Whey Protein,Intent,Doctor Recommended,Shipping Concerns,0,,,,10.3
VE1602,2024-07-18,Delhi,45-54,Female,<3L,Instagram,Whey Protein,Awareness,,Too Expensive,0,,,,7.8
VE1603,2024-07-22,Hyderabad,18-24,Male,10-20L,Instagram,Vitamin D3,Consideration,,Lack of Trust,0,,,,17.5
VE1604,2024-10-14,Delhi,25-34,Male,6-10L,YouTube,Probiotic,Awareness,,Shipping Concerns,0,,,,10.9
VE1605,2024-09-20,Ahmedabad,25-34,Male,6-10L,Facebook,Whey Protein,Repeat Purchase,Peer Recommendation,None,1000,10,Promoter,Delivery Speed,7.3
VE1606,2024-07-21,Pune,18-24,Female,10-20L,Instagram,Ashwagandha,Awareness,,Unsure of Efficacy,0,,,,14.2
VE1607,2024-09-08,Mumbai,45-54,Male,20L+,Instagram,Whey Protein,Consideration,,Prefer Offline,0,,,,17.3
VE1608,2024-06-09,Bangalore,35-44,Female,6-10L,Instagram,Vitamin D3,Awareness,,Shipping Concerns,0,,,,10.9
VE1609,2024-08-27,Delhi,35-44,Male,<3L,Doctor Recommendation,Ashwagandha,Intent,Price,Too Expensive,0,,,,10.5
VE1610,2024-08-08,Pune,18-24,Male,3-6L,YouTube,Collagen,Awareness,,Prefer Offline,0,,,,12.2
VE1611,2024-09-23,Hyderabad,55+,Male,10-20L,Word of Mouth,Multivitamin,Consideration,,Too Expensive,0,,,,8.3
VE1612,2024-09-28,Delhi,25-34,Female,3-6L,Google Search,Vitamin D3,Intent,Doctor Recommended,Shipping Concerns,0,,,,14.5
VE1613,2024-08-08,Delhi,25-34,Male,3-6L,Google Search,Whey Protein,Awareness,,Too Many Options,0,,,,10.9
VE1614,2024-06-20,Mumbai,25-34,Male,10-20L,Google Search,Ashwagandha,Intent,Influencer,Unsure of Efficacy,0,,,,5.2
VE1615,2024-09-05,Delhi,35-44,Female,20L+,YouTube,Multivitamin,Awareness,,Shipping Concerns,0,,,,13.7
VE1616,2024-09-08,Pune,25-34,Female,20L+,Word of Mouth,Multivitamin,Consideration,,Prefer Offline,0,,,,17.2
VE1617,2024-07-09,Bangalore,55+,Male,10-20L,Instagram,Omega-3,Consideration,,Too Many Options,0,,,,4.8
VE1618,2024-07-31,Mumbai,35-44,Male,3-6L,Instagram,Ashwagandha,Consideration,,Too Many Options,0,,,,7.4
VE1619,2024-09-10,Bangalore,25-34,Male,10-20L,YouTube,Collagen,Awareness,,Too Many Options,0,,,,7.0
VE1620,2024-07-17,Bangalore,45-54,Male,6-10L,YouTube,Whey Protein,Intent,Influencer,Unsure of Efficacy,0,,,,13.6
VE1621,2024-06-12,Bangalore,35-44,Female,3-6L,Word of Mouth,Whey Protein,Consideration,,Shipping Concerns,0,,,,17.8
VE1622,2024-06-07,Pune,25-34,Prefer not to say,3-6L,Instagram,Ashwagandha,Intent,Ingredients Quality,Too Expensive,0,,,,14.8
VE1623,2024-06-20,Hyderabad,25-34,Female,<3L,YouTube,Whey Protein,Intent,Ingredients Quality,None,0,,,,10.9
VE1624,2024-10-27,Hyderabad,35-44,Male,6-10L,Word of Mouth,Omega-3,Purchase,Discount/Offer,None,1000,10,Promoter,Packaging,5.7
VE1625,2024-06-02,Hyderabad,45-54,Male,3-6L,YouTube,Multivitamin,Consideration,,Too Many Options,0,,,,17.6
VE1626,2024-06-23,Chennai,25-34,Male,10-20L,Google Search,Ashwagandha,Intent,Discount/Offer,Prefer Offline,0,,,,12.6
VE1627,2024-06-17,Hyderabad,45-54,Male,<3L,Instagram,Ashwagandha,Consideration,,Unsure of Efficacy,0,,,,13.4
VE1628,2024-08-02,Kolkata,35-44,Female,10-20L,Doctor Recommendation,Whey Protein,Awareness,,Too Expensive,0,,,,11.3
VE1629,2024-06-02,Bangalore,25-34,Female,6-10L,Word of Mouth,Multivitamin,Intent,Discount/Offer,Too Expensive,0,,,,13.3
VE1630,2024-08-04,Ahmedabad,35-44,Female,3-6L,Doctor Recommendation,Omega-3,Purchase,Discount/Offer,None,500,8,Passive,Packaging,10.5
VE1631,2024-06-13,Mumbai,25-34,Female,6-10L,Doctor Recommendation,Vitamin D3,Purchase,Influencer,None,1500,10,Promoter,Taste/Texture,8.9
VE1632,2024-06-08,Chennai,18-24,Male,6-10L,Google Search,Multivitamin,Consideration,,Prefer Offline,0,,,,5.7
VE1633,2024-09-16,Hyderabad,25-34,Female,<3L,Google Search,Probiotic,Awareness,,Too Expensive,0,,,,10.0
VE1634,2024-07-04,Delhi,18-24,Male,<3L,Google Search,Omega-3,Consideration,,None,0,,,,7.1
VE1635,2024-08-07,Mumbai,25-34,Female,6-10L,Google Search,Ashwagandha,Intent,Influencer,Too Expensive,0,,,,4.6
VE1636,2024-08-15,Kolkata,55+,Male,3-6L,Doctor Recommendation,Whey Protein,Consideration,,None,0,,,,17.4
VE1637,2024-09-26,Mumbai,18-24,Female,3-6L,YouTube,Collagen,Awareness,,Too Expensive,0,,,,13.3
VE1638,2024-09-23,Delhi,45-54,Male,6-10L,Instagram,Collagen,Trial,Doctor Recommended,Prefer Offline,0,,,,13.9
VE1639,2024-09-21,Pune,35-44,Male,<3L,Instagram,Multivitamin,Consideration,,Shipping Concerns,0,,,,6.1
VE1640,2024-10-24,Bangalore,25-34,Male,3-6L,Word of Mouth,Multivitamin,Awareness,,None,0,,,,10.3
VE1641,2024-09-06,Bangalore,25-34,Female,20L+,YouTube,Ashwagandha,Consideration,,Too Many Options,0,,,,17.6
VE1642,2024-11-18,Ahmedabad,18-24,Male,3-6L,Google Search,Multivitamin,Intent,Price,Unsure of Efficacy,0,,,,17.5
VE1643,2024-10-24,Hyderabad,18-24,Female,6-10L,Offline Store,Probiotic,Awareness,,Too Many Options,0,,,,12.4
VE1644,2024-11-02,Kolkata,35-44,Male,3-6L,Google Search,Omega-3,Awareness,,Too Many Options,0,,,,14.1
VE1645,2024-09-24,Hyderabad,25-34,Female,<3L,Instagram,Multivitamin,Intent,Brand Trust,Too Many Options,0,,,,5.8
VE1646,2024-07-22,Hyderabad,35-44,Prefer not to say,6-10L,Instagram,Whey Protein,Purchase,Ingredients Quality,None,2000,10,Promoter,Product Efficacy,12.8
VE1647,2024-06-18,Jaipur,25-34,Female,3-6L,Instagram,Multivitamin,Awareness,,Too Expensive,0,,,,6.1
VE1648,2024-07-23,Bangalore,35-44,Male,20L+,Doctor Recommendation,Omega-3,Consideration,,Prefer Offline,0,,,,15.7
VE1649,2024-09-07,Mumbai,35-44,Female,10-20L,YouTube,Whey Protein,Consideration,,Too Expensive,0,,,,7.7
VE1650,2024-07-30,Delhi,55+,Prefer not to say,6-10L,Facebook,Whey Protein,Awareness,,Too Many Options,0,,,,6.2
VE1651,2024-10-24,Jaipur,45-54,Female,20L+,Doctor Recommendation,Ashwagandha,Awareness,,Unsure of Efficacy,0,,,,16.4
VE1652,2024-06-22,Bangalore,25-34,Female,<3L,Google Search,Multivitamin,Awareness,,Prefer Offline,0,,,,17.7
VE1653,2024-07-10,Pune,35-44,Female,20L+,YouTube,Collagen,Consideration,,Unsure of Efficacy,0,,,,6.1
VE1654,2024-07-12,Mumbai,55+,Female,6-10L,Google Search,Probiotic,Repeat Purchase,Influencer,None,1500,3,Detractor,Price-Value,14.7
VE1655,2024-11-17,Delhi,18-24,Female,10-20L,Word of Mouth,Ashwagandha,Awareness,,Too Many Options,0,,,,7.1
VE1656,2024-09-26,Delhi,25-34,Male,3-6L,Offline Store,Multivitamin,Repeat Purchase,Influencer,None,1000,10,Promoter,Delivery Speed,8.8
VE1657,2024-06-17,Jaipur,45-54,Female,6-10L,YouTube,Collagen,Consideration,,Too Many Options,0,,,,5.7
VE1658,2024-11-25,Mumbai,35-44,Female,6-10L,Instagram,Multivitamin,Intent,Price,Lack of Trust,0,,,,9.1
VE1659,2024-10-18,Pune,35-44,Female,3-6L,Doctor Recommendation,Multivitamin,Consideration,,Too Many Options,0,,,,12.6
VE1660,2024-06-30,Jaipur,18-24,Male,6-10L,Instagram,Whey Protein,Consideration,,Too Expensive,0,,,,8.8
VE1661,2024-08-19,Delhi,25-34,Male,10-20L,Google Search,Collagen,Intent,Price,Too Expensive,0,,,,9.8
VE1662,2024-07-12,Pune,35-44,Male,6-10L,Facebook,Omega-3,Consideration,,Too Many Options,0,,,,13.4
VE1663,2024-10-15,Hyderabad,18-24,Male,6-10L,YouTube,Vitamin D3,Consideration,,Lack of Trust,0,,,,16.2
VE1664,2024-07-31,Mumbai,25-34,Male,20L+,Google Search,Omega-3,Intent,Discount/Offer,Lack of Trust,0,,,,11.1
VE1665,2024-10-08,Pune,35-44,Male,20L+,Google Search,Whey Protein,Intent,Price,Shipping Concerns,0,,,,16.2
VE1666,2024-06-21,Delhi,35-44,Female,10-20L,YouTube,Whey Protein,Intent,Doctor Recommended,Lack of Trust,0,,,,7.0
VE1667,2024-07-01,Delhi,35-44,Male,20L+,Word of Mouth,Ashwagandha,Trial,Ingredients Quality,Prefer Offline,0,,,,9.4
VE1668,2024-08-11,Mumbai,35-44,Female,<3L,Google Search,Probiotic,Awareness,,Shipping Concerns,0,,,,5.6
VE1669,2024-06-17,Mumbai,35-44,Female,6-10L,Word of Mouth,Ashwagandha,Consideration,,Lack of Trust,0,,,,6.3
VE1670,2024-09-13,Delhi,25-34,Female,6-10L,Instagram,Multivitamin,Consideration,,Too Expensive,0,,,,4.7
VE1671,2024-09-04,Bangalore,35-44,Male,3-6L,YouTube,Multivitamin,Consideration,,Unsure of Efficacy,0,,,,9.8
VE1672,2024-08-01,Bangalore,18-24,Male,10-20L,Doctor Recommendation,Whey Protein,Repeat Purchase,Discount/Offer,None,1000,9,Promoter,Taste/Texture,5.3
VE1673,2024-07-31,Chennai,18-24,Male,6-10L,YouTube,Ashwagandha,Awareness,,Prefer Offline,0,,,,12.2
VE1674,2024-11-26,Hyderabad,25-34,Male,6-10L,Instagram,Multivitamin,Consideration,,Prefer Offline,0,,,,16.2
VE1675,2024-09-27,Mumbai,45-54,Male,3-6L,YouTube,Collagen,Awareness,,Too Many Options,0,,,,5.1
VE1676,2024-08-13,Pune,55+,Male,3-6L,YouTube,Omega-3,Intent,Peer Recommendation,Too Many Options,0,,,,13.0
VE1677,2024-10-14,Mumbai,45-54,Female,10-20L,YouTube,Multivitamin,Awareness,,Too Many Options,0,,,,6.5
VE1678,2024-10-05,Hyderabad,18-24,Female,6-10L,Instagram,Collagen,Repeat Purchase,Price,None,2000,10,Promoter,Product Efficacy,10.2
VE1679,2024-09-12,Delhi,25-34,Female,<3L,Google Search,Whey Protein,Purchase,Ingredients Quality,None,0,8,Passive,Delivery Speed,8.8
VE1680,2024-06-14,Mumbai,25-34,Male,3-6L,Instagram,Whey Protein,Purchase,Discount/Offer,None,700,6,Detractor,Delivery Speed,8.8
VE1681,2024-09-28,Hyderabad,25-34,Male,6-10L,Word of Mouth,Collagen,Awareness,,Too Many Options,0,,,,10.4
VE1682,2024-08-16,Kolkata,25-34,Male,3-6L,Doctor Recommendation,Omega-3,Intent,Brand Trust,Too Many Options,0,,,,9.8
VE1683,2024-06-02,Mumbai,25-34,Female,20L+,Offline Store,Ashwagandha,Awareness,,Lack of Trust,0,,,,11.8
VE1684,2024-08-02,Kolkata,45-54,Male,3-6L,Instagram,Multivitamin,Intent,Brand Trust,Lack of Trust,0,,,,7.4
VE1685,2024-11-22,Delhi,35-44,Female,3-6L,Instagram,Probiotic,Awareness,,Unsure of Efficacy,0,,,,15.5
VE1686,2024-09-26,Mumbai,45-54,Female,3-6L,YouTube,Probiotic,Consideration,,Unsure of Efficacy,0,,,,13.3
VE1687,2024-06-12,Delhi,35-44,Male,<3L,Word of Mouth,Whey Protein,Intent,Brand Trust,Unsure of Efficacy,0,,,,7.4
VE1688,2024-08-16,Bangalore,18-24,Female,3-6L,Google Search,Collagen,Consideration,,Shipping Concerns,0,,,,15.9
VE1689,2024-11-24,Mumbai,45-54,Male,20L+,YouTube,Omega-3,Intent,Brand Trust,Too Expensive,0,,,,15.1
VE1690,2024-08-02,Mumbai,18-24,Female,6-10L,Google Search,Collagen,Awareness,,Prefer Offline,0,,,,10.8
VE1691,2024-07-23,Jaipur,25-34,Female,10-20L,Instagram,Multivitamin,Awareness,,Lack of Trust,0,,,,17.0
VE1692,2024-09-22,Delhi,35-44,Male,6-10L,Instagram,Ashwagandha,Repeat Purchase,Peer Recommendation,None,2000,10,Promoter,Packaging,5.2
VE1693,2024-10-05,Mumbai,35-44,Female,6-10L,Word of Mouth,Omega-3,Trial,Peer Recommendation,Prefer Offline,0,,,,4.7
VE1694,2024-06-11,Mumbai,25-34,Female,6-10L,YouTube,Collagen,Awareness,,Unsure of Efficacy,0,,,,17.3
VE1695,2024-06-19,Mumbai,25-34,Male,6-10L,Google Search,Whey Protein,Awareness,,None,0,,,,14.6
VE1696,2024-10-17,Chennai,45-54,Female,<3L,Google Search,Ashwagandha,Consideration,,Too Many Options,0,,,,15.5
VE1697,2024-06-04,Ahmedabad,35-44,Female,3-6L,Doctor Recommendation,Collagen,Purchase,Discount/Offer,None,300,4,Detractor,Product Efficacy,11.9
VE1698,2024-11-28,Jaipur,35-44,Female,6-10L,Facebook,Multivitamin,Consideration,,Unsure of Efficacy,0,,,,4.6
VE1699,2024-06-19,Delhi,25-34,Female,20L+,Doctor Recommendation,Whey Protein,Consideration,,Prefer Offline,0,,,,17.2
VE1700,2024-08-16,Delhi,45-54,Female,3-6L,Word of Mouth,Ashwagandha,Intent,Influencer,Too Expensive,0,,,,7.3
VE1701,2024-10-13,Chennai,35-44,Male,6-10L,Offline Store,Multivitamin,Intent,Discount/Offer,Too Expensive,0,,,,12.3
VE1702,2024-09-03,Bangalore,25-34,Prefer not to say,6-10L,Offline Store,Vitamin D3,Consideration,,Unsure of Efficacy,0,,,,13.8
VE1703,2024-11-07,Mumbai,35-44,Male,10-20L,Google Search,Vitamin D3,Awareness,,Shipping Concerns,0,,,,6.6
VE1704,2024-09-10,Kolkata,18-24,Female,6-10L,Instagram,Whey Protein,Repeat Purchase,Influencer,None,2000,10,Promoter,Packaging,13.5
VE1705,2024-10-12,Jaipur,25-34,Female,3-6L,Google Search,Whey Protein,Awareness,,Unsure of Efficacy,0,,,,8.2
VE1706,2024-06-02,Delhi,25-34,Male,10-20L,YouTube,Omega-3,Consideration,,Unsure of Efficacy,0,,,,9.7
VE1707,2024-08-05,Mumbai,18-24,Female,10-20L,Instagram,Collagen,Purchase,Brand Trust,None,4000,10,Promoter,Taste/Texture,4.7
VE1708,2024-07-30,Kolkata,45-54,Female,10-20L,YouTube,Vitamin D3,Intent,Peer Recommendation,Unsure of Efficacy,0,,,,11.4
VE1709,2024-09-14,Delhi,18-24,Female,10-20L,Google Search,Ashwagandha,Consideration,,Lack of Trust,0,,,,14.6
VE1710,2024-07-25,Mumbai,35-44,Female,6-10L,Instagram,Ashwagandha,Consideration,,Shipping Concerns,0,,,,6.3
VE1711,2024-08-09,Mumbai,18-24,Male,3-6L,YouTube,Multivitamin,Purchase,Doctor Recommended,None,1000,7,Passive,Customer Support,17.8
VE1712,2024-10-25,Mumbai,35-44,Female,6-10L,Word of Mouth,Probiotic,Consideration,,Too Many Options,0,,,,13.4
VE1713,2024-09-19,Delhi,35-44,Male,3-6L,Doctor Recommendation,Probiotic,Awareness,,None,0,,,,16.8
VE1714,2024-11-01,Lucknow,18-24,Female,6-10L,Doctor Recommendation,Omega-3,Awareness,,Too Expensive,0,,,,5.8
VE1715,2024-09-21,Chennai,25-34,Female,6-10L,Google Search,Vitamin D3,Intent,Doctor Recommended,Unsure of Efficacy,0,,,,7.2
VE1716,2024-10-07,Bangalore,35-44,Female,3-6L,Google Search,Probiotic,Consideration,,Unsure of Efficacy,0,,,,6.6
VE1717,2024-11-13,Pune,18-24,Female,<3L,Google Search,Ashwagandha,Consideration,,Unsure of Efficacy,0,,,,10.2
VE1718,2024-10-02,Mumbai,25-34,Male,20L+,Instagram,Whey Protein,Consideration,,Too Expensive,0,,,,9.5
VE1719,2024-10-14,Jaipur,45-54,Male,6-10L,Instagram,Collagen,Awareness,,Shipping Concerns,0,,,,12.1
VE1720,2024-09-15,Hyderabad,35-44,Male,6-10L,Instagram,Whey Protein,Awareness,,Unsure of Efficacy,0,,,,6.1
VE1721,2024-11-07,Bangalore,35-44,Prefer not to say,10-20L,Instagram,Ashwagandha,Intent,Peer Recommendation,Prefer Offline,0,,,,16.3
VE1722,2024-10-17,Hyderabad,25-34,Female,6-10L,Doctor Recommendation,Vitamin D3,Consideration,,Too Expensive,0,,,,10.2
VE1723,2024-08-20,Mumbai,35-44,Male,10-20L,Doctor Recommendation,Omega-3,Consideration,,Lack of Trust,0,,,,11.4
VE1724,2024-08-30,Hyderabad,25-34,Female,6-10L,YouTube,Omega-3,Consideration,,Unsure of Efficacy,0,,,,15.7
VE1725,2024-07-24,Bangalore,35-44,Male,3-6L,Instagram,Whey Protein,Repeat Purchase,Price,None,300,10,Promoter,Delivery Speed,12.6
VE1726,2024-11-09,Kolkata,35-44,Female,10-20L,Instagram,Probiotic,Intent,Peer Recommendation,Lack of Trust,0,,,,11.4
VE1727,2024-07-05,Kolkata,18-24,Female,<3L,YouTube,Ashwagandha,Awareness,,Too Many Options,0,,,,5.1
VE1728,2024-10-29,Delhi,25-34,Male,6-10L,YouTube,Ashwagandha,Intent,Ingredients Quality,Shipping Concerns,0,,,,12.7
VE1729,2024-09-25,Jaipur,25-34,Male,6-10L,YouTube,Omega-3,Intent,Brand Trust,None,0,,,,9.3
VE1730,2024-09-23,Delhi,25-34,Male,<3L,Instagram,Collagen,Awareness,,Too Expensive,0,,,,8.9
VE1731,2024-11-09,Delhi,45-54,Male,10-20L,Instagram,Whey Protein,Intent,Discount/Offer,Unsure of Efficacy,0,,,,14.1
VE1732,2024-08-11,Mumbai,25-34,Prefer not to say,6-10L,Instagram,Whey Protein,Consideration,,None,0,,,,14.7
VE1733,2024-07-29,Lucknow,45-54,Female,3-6L,Google Search,Omega-3,Consideration,,Lack of Trust,0,,,,14.5
VE1734,2024-10-28,Chennai,45-54,Male,6-10L,Instagram,Probiotic,Consideration,,Lack of Trust,0,,,,9.3
VE1735,2024-10-10,Mumbai,25-34,Male,10-20L,Instagram,Collagen,Consideration,,Lack of Trust,0,,,,17.4
VE1736,2024-06-06,Delhi,25-34,Male,3-6L,Instagram,Omega-3,Consideration,,Unsure of Efficacy,0,,,,9.4
VE1737,2024-11-28,Ahmedabad,35-44,Female,3-6L,YouTube,Whey Protein,Intent,Ingredients Quality,Too Expensive,0,,,,9.0
VE1738,2024-09-03,Jaipur,35-44,Female,20L+,Instagram,Whey Protein,Consideration,,Lack of Trust,0,,,,11.9
VE1739,2024-11-08,Pune,35-44,Female,10-20L,Instagram,Omega-3,Repeat Purchase,Brand Trust,None,1000,7,Passive,Customer Support,9.3
VE1740,2024-08-12,Chennai,55+,Male,10-20L,Facebook,Ashwagandha,Trial,Discount/Offer,Too Expensive,0,,,,10.0
VE1741,2024-10-20,Delhi,45-54,Male,20L+,Instagram,Collagen,Awareness,,Too Many Options,0,,,,13.9
VE1742,2024-06-15,Chennai,25-34,Female,10-20L,Doctor Recommendation,Multivitamin,Awareness,,Too Expensive,0,,,,11.7
VE1743,2024-08-13,Chennai,55+,Prefer not to say,10-20L,Instagram,Whey Protein,Awareness,,Too Many Options,0,,,,12.3
VE1744,2024-11-13,Hyderabad,35-44,Male,6-10L,Instagram,Multivitamin,Consideration,,Unsure of Efficacy,0,,,,10.1
VE1745,2024-06-20,Delhi,55+,Female,20L+,Instagram,Collagen,Awareness,,Too Expensive,0,,,,6.3
VE1746,2024-11-26,Lucknow,25-34,Female,<3L,Doctor Recommendation,Whey Protein,Repeat Purchase,Peer Recommendation,None,0,8,Passive,Price-Value,5.5
VE1747,2024-07-09,Chennai,25-34,Male,3-6L,Instagram,Whey Protein,Consideration,,Too Expensive,0,,,,16.0
VE1748,2024-09-01,Bangalore,25-34,Female,6-10L,Instagram,Omega-3,Consideration,,Unsure of Efficacy,0,,,,12.2
VE1749,2024-08-31,Pune,35-44,Female,6-10L,YouTube,Collagen,Trial,Brand Trust,Too Expensive,0,,,,4.9
VE1750,2024-10-19,Mumbai,55+,Female,3-6L,Instagram,Ashwagandha,Consideration,,None,0,,,,17.0
VE1751,2024-08-05,Ahmedabad,25-34,Male,6-10L,Google Search,Ashwagandha,Consideration,,None,0,,,,7.9
VE1752,2024-09-01,Mumbai,35-44,Female,6-10L,Google Search,Ashwagandha,Trial,Ingredients Quality,Prefer Offline,0,,,,12.5
VE1753,2024-08-21,Mumbai,18-24,Female,3-6L,Google Search,Multivitamin,Consideration,,Prefer Offline,0,,,,5.2
VE1754,2024-10-14,Kolkata,25-34,Male,10-20L,Google Search,Vitamin D3,Repeat Purchase,Brand Trust,None,4000,8,Passive,Packaging,5.9
VE1755,2024-06-04,Bangalore,35-44,Female,<3L,Google Search,Multivitamin,Trial,Peer Recommendation,Unsure of Efficacy,0,,,,6.4
VE1756,2024-09-18,Kolkata,35-44,Male,10-20L,Instagram,Vitamin D3,Consideration,,Too Expensive,0,,,,5.2
VE1757,2024-07-20,Delhi,55+,Male,3-6L,Google Search,Vitamin D3,Awareness,,Too Expensive,0,,,,16.9
VE1758,2024-07-06,Delhi,35-44,Male,10-20L,Instagram,Multivitamin,Trial,Influencer,Too Expensive,0,,,,10.2
VE1759,2024-08-03,Mumbai,35-44,Male,3-6L,Instagram,Whey Protein,Awareness,,Unsure of Efficacy,0,,,,7.0
VE1760,2024-07-16,Delhi,25-34,Female,<3L,Word of Mouth,Ashwagandha,Intent,Brand Trust,Unsure of Efficacy,0,,,,12.3
VE1761,2024-07-20,Mumbai,18-24,Male,6-10L,Offline Store,Collagen,Consideration,,Unsure of Efficacy,0,,,,13.7
VE1762,2024-08-25,Delhi,25-34,Male,3-6L,Doctor Recommendation,Ashwagandha,Repeat Purchase,Brand Trust,None,300,9,Promoter,Customer Support,9.3
VE1763,2024-09-20,Pune,35-44,Male,20L+,Doctor Recommendation,Multivitamin,Consideration,,Unsure of Efficacy,0,,,,15.7
VE1764,2024-08-31,Bangalore,35-44,Male,3-6L,YouTube,Vitamin D3,Intent,Brand Trust,Lack of Trust,0,,,,17.5
VE1765,2024-09-03,Pune,45-54,Male,6-10L,YouTube,Multivitamin,Consideration,,Unsure of Efficacy,0,,,,10.0
VE1766,2024-10-27,Chennai,18-24,Female,10-20L,Facebook,Probiotic,Consideration,,Too Many Options,0,,,,7.3
VE1767,2024-10-27,Chennai,35-44,Male,10-20L,Doctor Recommendation,Ashwagandha,Awareness,,Lack of Trust,0,,,,8.4
VE1768,2024-09-08,Bangalore,35-44,Male,3-6L,Instagram,Ashwagandha,Awareness,,Lack of Trust,0,,,,17.3
VE1769,2024-11-08,Hyderabad,25-34,Male,20L+,YouTube,Omega-3,Intent,Price,Lack of Trust,0,,,,14.4
VE1770,2024-07-08,Mumbai,25-34,Female,6-10L,Word of Mouth,Collagen,Awareness,,Too Expensive,0,,,,9.3
VE1771,2024-07-28,Chennai,25-34,Male,20L+,Google Search,Whey Protein,Trial,Influencer,Unsure of Efficacy,0,,,,13.8
VE1772,2024-06-02,Jaipur,25-34,Female,10-20L,Facebook,Probiotic,Consideration,,Unsure of Efficacy,0,,,,12.2
VE1773,2024-07-01,Delhi,18-24,Male,10-20L,Google Search,Multivitamin,Awareness,,Unsure of Efficacy,0,,,,13.2
VE1774,2024-07-07,Pune,55+,Female,6-10L,Word of Mouth,Multivitamin,Consideration,,Too Expensive,0,,,,10.7
VE1775,2024-10-28,Ahmedabad,35-44,Female,<3L,YouTube,Ashwagandha,Consideration,,None,0,,,,7.0
VE1776,2024-09-14,Chennai,25-34,Male,6-10L,Google Search,Omega-3,Intent,Brand Trust,Unsure of Efficacy,0,,,,4.9
VE1777,2024-09-08,Delhi,25-34,Female,<3L,YouTube,Ashwagandha,Intent,Peer Recommendation,Too Expensive,0,,,,7.6
VE1778,2024-08-09,Mumbai,45-54,Male,6-10L,Doctor Recommendation,Vitamin D3,Consideration,,Unsure of Efficacy,0,,,,5.7
VE1779,2024-06-16,Jaipur,45-54,Male,3-6L,Instagram,Multivitamin,Purchase,Ingredients Quality,None,300,10,Promoter,Product Efficacy,8.7
VE1780,2024-07-12,Ahmedabad,18-24,Female,10-20L,YouTube,Multivitamin,Consideration,,None,0,,,,16.3
VE1781,2024-11-02,Delhi,25-34,Male,10-20L,Instagram,Omega-3,Awareness,,Unsure of Efficacy,0,,,,16.5
VE1782,2024-06-16,Mumbai,25-34,Male,10-20L,Google Search,Ashwagandha,Consideration,,Too Many Options,0,,,,16.9
VE1783,2024-09-06,Delhi,25-34,Male,10-20L,Doctor Recommendation,Collagen,Consideration,,Lack of Trust,0,,,,12.4
VE1784,2024-08-19,Jaipur,45-54,Prefer not to say,3-6L,YouTube,Probiotic,Consideration,,Too Many Options,0,,,,8.4
VE1785,2024-07-01,Delhi,35-44,Female,3-6L,Instagram,Omega-3,Consideration,,Too Many Options,0,,,,10.9
VE1786,2024-10-09,Mumbai,25-34,Female,3-6L,Instagram,Omega-3,Awareness,,Too Expensive,0,,,,8.6
VE1787,2024-06-29,Chennai,25-34,Female,20L+,Instagram,Ashwagandha,Trial,Price,Unsure of Efficacy,0,,,,5.2
VE1788,2024-10-31,Chennai,55+,Male,<3L,Google Search,Collagen,Consideration,,Too Expensive,0,,,,14.5
VE1789,2024-06-20,Delhi,35-44,Male,10-20L,Instagram,Ashwagandha,Consideration,,Too Many Options,0,,,,10.2
VE1790,2024-11-02,Mumbai,35-44,Female,3-6L,Instagram,Multivitamin,Consideration,,Lack of Trust,0,,,,10.6
VE1791,2024-11-17,Ahmedabad,25-34,Male,6-10L,Doctor Recommendation,Probiotic,Consideration,,Too Expensive,0,,,,9.8
VE1792,2024-07-05,Pune,25-34,Male,3-6L,Doctor Recommendation,Omega-3,Intent,Ingredients Quality,Unsure of Efficacy,0,,,,4.6
VE1793,2024-09-05,Bangalore,55+,Male,3-6L,Instagram,Ashwagandha,Consideration,,Shipping Concerns,0,,,,17.6
VE1794,2024-09-14,Bangalore,35-44,Female,20L+,Doctor Recommendation,Whey Protein,Purchase,Price,None,5000,10,Promoter,Customer Support,6.4
VE1795,2024-07-07,Hyderabad,25-34,Female,3-6L,Google Search,Omega-3,Awareness,,Prefer Offline,0,,,,18.0
VE1796,2024-10-30,Hyderabad,18-24,Male,<3L,Word of Mouth,Multivitamin,Trial,Ingredients Quality,None,0,,,,13.5
VE1797,2024-08-20,Delhi,55+,Female,20L+,Instagram,Ashwagandha,Consideration,,Too Expensive,0,,,,8.4
VE1798,2024-11-11,Chennai,35-44,Female,6-10L,Instagram,Collagen,Intent,Price,Too Expensive,0,,,,5.9
VE1799,2024-08-13,Ahmedabad,35-44,Male,3-6L,Google Search,Probiotic,Consideration,,Lack of Trust,0,,,,17.1
VE1800,2024-08-07,Mumbai,35-44,Female,3-6L,Doctor Recommendation,Whey Protein,Intent,Influencer,Too Many Options,0,,,,9.7
VE1801,2024-08-28,Bangalore,45-54,Female,20L+,Word of Mouth,Multivitamin,Consideration,,Too Many Options,0,,,,7.5
VE1802,2024-11-17,Hyderabad,45-54,Male,20L+,Facebook,Collagen,Repeat Purchase,Doctor Recommended,None,7000,10,Promoter,Customer Support,8.6
VE1803,2024-06-06,Hyderabad,25-34,Female,10-20L,Doctor Recommendation,Ashwagandha,Consideration,,Too Many Options,0,,,,16.6
VE1804,2024-10-12,Hyderabad,35-44,Male,<3L,Instagram,Multivitamin,Intent,Doctor Recommended,Shipping Concerns,0,,,,9.9
VE1805,2024-07-07,Bangalore,18-24,Male,6-10L,Instagram,Ashwagandha,Repeat Purchase,Influencer,None,2000,9,Promoter,Product Efficacy,12.8
VE1806,2024-09-10,Mumbai,25-34,Female,6-10L,Facebook,Multivitamin,Awareness,,Too Expensive,0,,,,13.6
VE1807,2024-08-01,Pune,45-54,Male,3-6L,Instagram,Whey Protein,Consideration,,Unsure of Efficacy,0,,,,9.1
VE1808,2024-09-10,Hyderabad,25-34,Male,6-10L,Doctor Recommendation,Ashwagandha,Trial,Price,Unsure of Efficacy,0,,,,10.6
VE1809,2024-08-01,Lucknow,25-34,Female,6-10L,YouTube,Ashwagandha,Consideration,,Shipping Concerns,0,,,,13.1
VE1810,2024-07-06,Bangalore,25-34,Male,20L+,Instagram,Omega-3,Consideration,,Too Many Options,0,,,,10.5
VE1811,2024-06-26,Bangalore,55+,Female,10-20L,Instagram,Whey Protein,Consideration,,Too Expensive,0,,,,9.3
VE1812,2024-08-01,Hyderabad,45-54,Male,3-6L,Doctor Recommendation,Collagen,Consideration,,Lack of Trust,0,,,,17.6
VE1813,2024-07-02,Kolkata,35-44,Male,3-6L,Word of Mouth,Collagen,Repeat Purchase,Ingredients Quality,None,500,6,Detractor,Customer Support,11.1
VE1814,2024-10-03,Delhi,18-24,Male,<3L,Word of Mouth,Ashwagandha,Purchase,Ingredients Quality,None,500,3,Detractor,Delivery Speed,9.3
VE1815,2024-11-01,Mumbai,35-44,Female,6-10L,Doctor Recommendation,Multivitamin,Consideration,,Lack of Trust,0,,,,6.3
VE1816,2024-07-30,Delhi,25-34,Female,6-10L,Word of Mouth,Collagen,Repeat Purchase,Price,None,500,9,Promoter,Taste/Texture,9.3
VE1817,2024-11-21,Hyderabad,45-54,Female,10-20L,Offline Store,Omega-3,Purchase,Discount/Offer,None,4000,3,Detractor,Product Efficacy,12.3
VE1818,2024-10-20,Delhi,35-44,Male,6-10L,YouTube,Whey Protein,Awareness,,Too Expensive,0,,,,7.8
VE1819,2024-11-20,Delhi,25-34,Female,20L+,Instagram,Ashwagandha,Repeat Purchase,Influencer,None,5000,9,Promoter,Product Efficacy,6.4
VE1820,2024-11-10,Bangalore,25-34,Male,6-10L,Facebook,Whey Protein,Repeat Purchase,Peer Recommendation,None,2000,10,Promoter,Delivery Speed,7.8
VE1821,2024-10-16,Hyderabad,35-44,Female,10-20L,Instagram,Whey Protein,Consideration,,Too Many Options,0,,,,9.6
VE1822,2024-07-24,Delhi,25-34,Prefer not to say,10-20L,Instagram,Ashwagandha,Consideration,,Unsure of Efficacy,0,,,,16.4
VE1823,2024-08-27,Ahmedabad,45-54,Male,<3L,Word of Mouth,Ashwagandha,Trial,Doctor Recommended,Too Expensive,0,,,,16.2
VE1824,2024-07-27,Ahmedabad,25-34,Female,6-10L,Offline Store,Multivitamin,Consideration,,Shipping Concerns,0,,,,17.3
VE1825,2024-09-02,Chennai,25-34,Female,6-10L,Offline Store,Multivitamin,Purchase,Ingredients Quality,None,1500,10,Promoter,Product Efficacy,10.0
VE1826,2024-07-06,Mumbai,55+,Female,20L+,YouTube,Multivitamin,Awareness,,Shipping Concerns,0,,,,15.5
VE1827,2024-06-14,Ahmedabad,35-44,Female,10-20L,Word of Mouth,Whey Protein,Awareness,,Lack of Trust,0,,,,12.8
VE1828,2024-10-28,Pune,25-34,Female,10-20L,Instagram,Ashwagandha,Consideration,,Too Many Options,0,,,,7.0
VE1829,2024-07-21,Mumbai,25-34,Female,10-20L,Facebook,Ashwagandha,Awareness,,Too Expensive,0,,,,17.6
VE1830,2024-10-24,Bangalore,45-54,Male,10-20L,YouTube,Ashwagandha,Intent,Influencer,Too Expensive,0,,,,12.0
VE1831,2024-07-07,Pune,25-34,Female,10-20L,Word of Mouth,Probiotic,Trial,Influencer,Lack of Trust,0,,,,4.7
VE1832,2024-07-21,Bangalore,25-34,Male,10-20L,Offline Store,Omega-3,Intent,Discount/Offer,Shipping Concerns,0,,,,15.6
VE1833,2024-06-13,Ahmedabad,35-44,Male,6-10L,Instagram,Multivitamin,Consideration,,Too Many Options,0,,,,17.9
VE1834,2024-07-25,Bangalore,25-34,Female,<3L,Word of Mouth,Whey Protein,Awareness,,Too Many Options,0,,,,11.2
VE1835,2024-11-11,Delhi,25-34,Male,3-6L,Word of Mouth,Ashwagandha,Intent,Price,Too Many Options,0,,,,16.9
VE1836,2024-08-11,Hyderabad,45-54,Male,3-6L,Instagram,Multivitamin,Awareness,,Shipping Concerns,0,,,,9.6
VE1837,2024-11-15,Lucknow,45-54,Male,20L+,YouTube,Whey Protein,Consideration,,Lack of Trust,0,,,,11.8
VE1838,2024-06-13,Mumbai,25-34,Male,6-10L,Word of Mouth,Whey Protein,Repeat Purchase,Doctor Recommended,None,1500,3,Detractor,Packaging,9.0
VE1839,2024-10-12,Chennai,18-24,Male,3-6L,YouTube,Multivitamin,Intent,Price,None,0,,,,9.6
VE1840,2024-09-23,Delhi,45-54,Male,3-6L,Instagram,Probiotic,Consideration,,Lack of Trust,0,,,,10.0
VE1841,2024-11-03,Bangalore,35-44,Female,6-10L,Instagram,Whey Protein,Consideration,,Prefer Offline,0,,,,6.0
VE1842,2024-10-24,Hyderabad,45-54,Male,3-6L,Word of Mouth,Omega-3,Trial,Peer Recommendation,Shipping Concerns,0,,,,17.6
VE1843,2024-10-16,Mumbai,25-34,Male,6-10L,Google Search,Omega-3,Repeat Purchase,Brand Trust,None,1000,7,Passive,Price-Value,13.4
VE1844,2024-06-25,Bangalore,35-44,Male,6-10L,Instagram,Multivitamin,Awareness,,None,0,,,,11.9
VE1845,2024-11-02,Ahmedabad,18-24,Female,3-6L,Instagram,Omega-3,Consideration,,Prefer Offline,0,,,,14.7
VE1846,2024-09-19,Hyderabad,45-54,Male,3-6L,Google Search,Collagen,Purchase,Doctor Recommended,None,500,0,Detractor,Customer Support,15.5
VE1847,2024-06-02,Hyderabad,35-44,Male,10-20L,Doctor Recommendation,Ashwagandha,Awareness,,Unsure of Efficacy,0,,,,17.3
VE1848,2024-09-30,Bangalore,45-54,Female,<3L,Doctor Recommendation,Omega-3,Intent,Ingredients Quality,None,0,,,,4.5
VE1849,2024-11-02,Delhi,25-34,Male,<3L,Doctor Recommendation,Ashwagandha,Intent,Influencer,Shipping Concerns,0,,,,9.2
VE1850,2024-11-16,Bangalore,45-54,Female,20L+,Instagram,Ashwagandha,Awareness,,Lack of Trust,0,,,,17.1
VE1851,2024-11-21,Hyderabad,35-44,Male,3-6L,Google Search,Multivitamin,Consideration,,Unsure of Efficacy,0,,,,12.7
VE1852,2024-11-22,Mumbai,45-54,Male,10-20L,Instagram,Ashwagandha,Intent,Brand Trust,Too Expensive,0,,,,13.7
VE1853,2024-09-02,Delhi,25-34,Male,10-20L,Instagram,Whey Protein,Intent,Ingredients Quality,Prefer Offline,0,,,,13.9
VE1854,2024-10-01,Chennai,25-34,Female,3-6L,Word of Mouth,Ashwagandha,Consideration,,Too Expensive,0,,,,5.1
VE1855,2024-09-10,Chennai,45-54,Male,<3L,Instagram,Multivitamin,Consideration,,Too Many Options,0,,,,16.8
VE1856,2024-11-01,Bangalore,35-44,Female,3-6L,YouTube,Omega-3,Repeat Purchase,Doctor Recommended,None,300,10,Promoter,Price-Value,17.6
VE1857,2024-10-08,Jaipur,55+,Male,3-6L,Doctor Recommendation,Collagen,Intent,Discount/Offer,Lack of Trust,0,,,,10.2
VE1858,2024-07-08,Pune,18-24,Male,3-6L,Doctor Recommendation,Ashwagandha,Consideration,,Too Many Options,0,,,,4.5
VE1859,2024-06-09,Chennai,35-44,Female,<3L,YouTube,Whey Protein,Consideration,,Lack of Trust,0,,,,5.7
VE1860,2024-06-07,Hyderabad,25-34,Male,3-6L,Doctor Recommendation,Multivitamin,Consideration,,Shipping Concerns,0,,,,17.8
VE1861,2024-08-21,Ahmedabad,45-54,Female,6-10L,Word of Mouth,Collagen,Intent,Price,Too Expensive,0,,,,11.6
VE1862,2024-10-31,Hyderabad,18-24,Male,<3L,Instagram,Vitamin D3,Awareness,,Prefer Offline,0,,,,6.8
VE1863,2024-11-12,Lucknow,25-34,Female,3-6L,YouTube,Probiotic,Intent,Ingredients Quality,Unsure of Efficacy,0,,,,14.0
VE1864,2024-11-10,Bangalore,25-34,Male,6-10L,Instagram,Probiotic,Consideration,,Too Expensive,0,,,,13.6
VE1865,2024-09-18,Bangalore,25-34,Prefer not to say,10-20L,YouTube,Omega-3,Repeat Purchase,Peer Recommendation,None,1000,10,Promoter,Taste/Texture,5.7
VE1866,2024-08-29,Chennai,55+,Female,10-20L,Instagram,Ashwagandha,Purchase,Price,None,1000,9,Promoter,Product Efficacy,10.2
VE1867,2024-07-30,Bangalore,25-34,Female,6-10L,Word of Mouth,Whey Protein,Awareness,,Prefer Offline,0,,,,11.4
VE1868,2024-10-01,Bangalore,45-54,Female,6-10L,Facebook,Multivitamin,Intent,Ingredients Quality,Too Expensive,0,,,,16.4
VE1869,2024-11-11,Delhi,55+,Male,3-6L,YouTube,Omega-3,Consideration,,Too Expensive,0,,,,10.5
VE1870,2024-09-10,Delhi,25-34,Female,3-6L,Google Search,Ashwagandha,Consideration,,None,0,,,,10.8
VE1871,2024-10-27,Hyderabad,45-54,Female,<3L,YouTube,Ashwagandha,Purchase,Doctor Recommended,None,200,10,Promoter,Price-Value,14.5
VE1872,2024-06-07,Mumbai,55+,Female,20L+,YouTube,Collagen,Consideration,,Unsure of Efficacy,0,,,,11.9
VE1873,2024-07-19,Hyderabad,55+,Male,20L+,Doctor Recommendation,Probiotic,Intent,Price,Too Expensive,0,,,,11.6
VE1874,2024-06-11,Delhi,35-44,Female,<3L,Google Search,Multivitamin,Consideration,,Prefer Offline,0,,,,12.1
VE1875,2024-10-04,Mumbai,25-34,Male,3-6L,Instagram,Whey Protein,Intent,Brand Trust,Too Many Options,0,,,,13.2
VE1876,2024-09-09,Kolkata,18-24,Male,6-10L,Facebook,Multivitamin,Intent,Brand Trust,Shipping Concerns,0,,,,12.7
VE1877,2024-07-01,Chennai,18-24,Male,<3L,Word of Mouth,Omega-3,Consideration,,Lack of Trust,0,,,,16.7
VE1878,2024-11-14,Pune,18-24,Female,6-10L,YouTube,Omega-3,Awareness,,Too Many Options,0,,,,13.9
VE1879,2024-08-23,Bangalore,45-54,Male,6-10L,Instagram,Multivitamin,Consideration,,Shipping Concerns,0,,,,8.0
VE1880,2024-09-06,Hyderabad,25-34,Male,6-10L,Instagram,Multivitamin,Consideration,,Unsure of Efficacy,0,,,,16.6
VE1881,2024-10-16,Chennai,25-34,Female,6-10L,Word of Mouth,Probiotic,Consideration,,Too Many Options,0,,,,13.4
VE1882,2024-08-30,Chennai,55+,Female,10-20L,Doctor Recommendation,Whey Protein,Awareness,,Shipping Concerns,0,,,,7.7
VE1883,2024-06-08,Ahmedabad,45-54,Male,6-10L,Instagram,Omega-3,Intent,Ingredients Quality,Lack of Trust,0,,,,13.4
VE1884,2024-11-14,Mumbai,25-34,Prefer not to say,6-10L,Google Search,Multivitamin,Intent,Peer Recommendation,Unsure of Efficacy,0,,,,9.4
VE1885,2024-06-09,Hyderabad,35-44,Male,3-6L,Doctor Recommendation,Whey Protein,Intent,Ingredients Quality,Too Expensive,0,,,,13.9
VE1886,2024-09-23,Mumbai,35-44,Female,10-20L,Google Search,Multivitamin,Awareness,,Unsure of Efficacy,0,,,,7.8
VE1887,2024-06-08,Delhi,18-24,Female,3-6L,YouTube,Ashwagandha,Consideration,,Unsure of Efficacy,0,,,,4.8
VE1888,2024-07-18,Jaipur,18-24,Male,3-6L,Instagram,Probiotic,Consideration,,Too Many Options,0,,,,15.6
VE1889,2024-10-04,Hyderabad,45-54,Male,<3L,Word of Mouth,Probiotic,Purchase,Brand Trust,None,300,5,Detractor,Price-Value,8.1
VE1890,2024-10-20,Bangalore,35-44,Female,10-20L,YouTube,Ashwagandha,Intent,Influencer,Too Many Options,0,,,,8.4
VE1891,2024-06-21,Mumbai,35-44,Prefer not to say,10-20L,Doctor Recommendation,Ashwagandha,Purchase,Doctor Recommended,None,3000,7,Passive,Delivery Speed,13.8
VE1892,2024-11-26,Delhi,35-44,Male,3-6L,Doctor Recommendation,Multivitamin,Trial,Price,Too Expensive,0,,,,15.7
VE1893,2024-09-04,Lucknow,35-44,Female,10-20L,Word of Mouth,Multivitamin,Consideration,,Too Expensive,0,,,,11.6
VE1894,2024-10-09,Lucknow,35-44,Male,<3L,Google Search,Whey Protein,Intent,Brand Trust,Lack of Trust,0,,,,17.0
VE1895,2024-11-01,Mumbai,18-24,Female,20L+,YouTube,Whey Protein,Consideration,,Too Many Options,0,,,,16.9
VE1896,2024-07-03,Ahmedabad,35-44,Male,3-6L,Doctor Recommendation,Vitamin D3,Awareness,,Too Expensive,0,,,,15.7
VE1897,2024-10-14,Ahmedabad,35-44,Male,6-10L,Doctor Recommendation,Whey Protein,Repeat Purchase,Doctor Recommended,None,500,10,Promoter,Product Efficacy,6.9
VE1898,2024-07-31,Delhi,25-34,Male,10-20L,YouTube,Omega-3,Intent,Doctor Recommended,Too Expensive,0,,,,13.0
VE1899,2024-07-20,Ahmedabad,25-34,Female,6-10L,Instagram,Probiotic,Consideration,,Too Expensive,0,,,,13.8
VE1900,2024-07-11,Chennai,35-44,Male,10-20L,Instagram,Whey Protein,Consideration,,None,0,,,,12.7
VE1901,2024-09-08,Ahmedabad,55+,Female,20L+,Instagram,Whey Protein,Intent,Price,Too Expensive,0,,,,7.6
VE1902,2024-11-06,Delhi,18-24,Female,6-10L,Doctor Recommendation,Collagen,Consideration,,Prefer Offline,0,,,,6.0
VE1903,2024-06-07,Mumbai,35-44,Female,6-10L,YouTube,Multivitamin,Awareness,,Lack of Trust,0,,,,9.5
VE1904,2024-07-21,Delhi,25-34,Male,10-20L,Instagram,Whey Protein,Consideration,,Prefer Offline,0,,,,12.0
VE1905,2024-06-09,Ahmedabad,35-44,Male,3-6L,Instagram,Ashwagandha,Purchase,Brand Trust,None,500,6,Detractor,Delivery Speed,10.7
VE1906,2024-08-29,Mumbai,18-24,Female,3-6L,Word of Mouth,Omega-3,Repeat Purchase,Brand Trust,None,300,10,Promoter,Packaging,7.8
VE1907,2024-08-11,Mumbai,18-24,Male,3-6L,Instagram,Omega-3,Purchase,Brand Trust,None,300,10,Promoter,Delivery Speed,11.6
VE1908,2024-11-11,Bangalore,25-34,Male,6-10L,Word of Mouth,Ashwagandha,Consideration,,None,0,,,,12.6
VE1909,2024-09-28,Pune,35-44,Male,6-10L,Google Search,Whey Protein,Trial,Peer Recommendation,None,0,,,,10.7
VE1910,2024-09-20,Mumbai,35-44,Female,<3L,Google Search,Omega-3,Repeat Purchase,Peer Recommendation,None,0,9,Promoter,Delivery Speed,8.6
VE1911,2024-08-06,Jaipur,25-34,Male,6-10L,YouTube,Multivitamin,Repeat Purchase,Peer Recommendation,None,500,9,Promoter,Delivery Speed,11.3
VE1912,2024-07-07,Kolkata,25-34,Male,<3L,Word of Mouth,Collagen,Consideration,,Too Many Options,0,,,,9.5
VE1913,2024-10-05,Mumbai,18-24,Female,10-20L,YouTube,Multivitamin,Awareness,,Too Expensive,0,,,,7.4
VE1914,2024-11-15,Jaipur,35-44,Male,6-10L,Instagram,Multivitamin,Repeat Purchase,Doctor Recommended,None,500,3,Detractor,Price-Value,15.0
VE1915,2024-11-23,Mumbai,35-44,Male,3-6L,Google Search,Whey Protein,Trial,Doctor Recommended,Prefer Offline,0,,,,9.7
VE1916,2024-09-05,Hyderabad,35-44,Female,20L+,Facebook,Whey Protein,Consideration,,Unsure of Efficacy,0,,,,8.3
VE1917,2024-07-27,Bangalore,35-44,Female,6-10L,Instagram,Collagen,Awareness,,Too Many Options,0,,,,14.6
VE1918,2024-07-08,Pune,35-44,Female,<3L,Google Search,Omega-3,Purchase,Price,None,200,9,Promoter,Product Efficacy,10.6
VE1919,2024-07-03,Bangalore,25-34,Male,3-6L,Instagram,Whey Protein,Consideration,,None,0,,,,15.9
VE1920,2024-10-01,Mumbai,25-34,Female,10-20L,Word of Mouth,Ashwagandha,Awareness,,Prefer Offline,0,,,,12.4
VE1921,2024-09-23,Hyderabad,18-24,Male,10-20L,Instagram,Whey Protein,Consideration,,Lack of Trust,0,,,,9.3
VE1922,2024-06-25,Hyderabad,35-44,Male,20L+,Facebook,Omega-3,Consideration,,Too Many Options,0,,,,10.0
VE1923,2024-08-02,Delhi,25-34,Female,3-6L,YouTube,Vitamin D3,Awareness,,Prefer Offline,0,,,,14.6
VE1924,2024-09-15,Delhi,35-44,Female,3-6L,Facebook,Omega-3,Consideration,,Too Expensive,0,,,,9.8
VE1925,2024-07-13,Chennai,18-24,Male,10-20L,Google Search,Omega-3,Intent,Brand Trust,Unsure of Efficacy,0,,,,10.2
VE1926,2024-07-01,Kolkata,25-34,Male,10-20L,YouTube,Ashwagandha,Awareness,,Too Expensive,0,,,,7.8
VE1927,2024-11-20,Delhi,25-34,Male,6-10L,YouTube,Multivitamin,Consideration,,Shipping Concerns,0,,,,13.7
VE1928,2024-10-29,Hyderabad,45-54,Male,10-20L,Offline Store,Whey Protein,Trial,Doctor Recommended,Prefer Offline,0,,,,5.4
VE1929,2024-11-01,Chennai,25-34,Female,10-20L,Google Search,Collagen,Awareness,,Shipping Concerns,0,,,,16.2
VE1930,2024-07-16,Ahmedabad,18-24,Female,3-6L,Instagram,Collagen,Repeat Purchase,Price,None,500,9,Promoter,Customer Support,8.8
VE1931,2024-06-25,Mumbai,25-34,Male,3-6L,Doctor Recommendation,Collagen,Intent,Peer Recommendation,Too Many Options,0,,,,13.9
VE1932,2024-08-18,Mumbai,45-54,Female,3-6L,Instagram,Ashwagandha,Consideration,,Too Many Options,0,,,,14.0
VE1933,2024-09-26,Bangalore,35-44,Male,6-10L,Word of Mouth,Whey Protein,Intent,Brand Trust,Too Many Options,0,,,,17.1
VE1934,2024-09-24,Delhi,35-44,Male,6-10L,Word of Mouth,Vitamin D3,Repeat Purchase,Peer Recommendation,None,1500,3,Detractor,Customer Support,16.4
VE1935,2024-07-29,Kolkata,18-24,Female,3-6L,Word of Mouth,Omega-3,Intent,Price,Lack of Trust,0,,,,8.1
VE1936,2024-08-15,Pune,35-44,Female,3-6L,Offline Store,Whey Protein,Intent,Doctor Recommended,Lack of Trust,0,,,,10.4
VE1937,2024-08-29,Chennai,55+,Male,10-20L,YouTube,Whey Protein,Consideration,,Too Expensive,0,,,,5.9
VE1938,2024-10-05,Mumbai,35-44,Female,<3L,Instagram,Whey Protein,Consideration,,Unsure of Efficacy,0,,,,17.9
VE1939,2024-11-23,Chennai,18-24,Female,3-6L,Doctor Recommendation,Ashwagandha,Awareness,,Too Expensive,0,,,,8.8
VE1940,2024-08-21,Hyderabad,25-34,Female,20L+,Instagram,Vitamin D3,Purchase,Doctor Recommended,None,3000,10,Promoter,Customer Support,7.7
VE1941,2024-10-16,Bangalore,35-44,Male,<3L,Doctor Recommendation,Collagen,Consideration,,Shipping Concerns,0,,,,15.1
VE1942,2024-08-18,Delhi,35-44,Female,3-6L,YouTube,Ashwagandha,Repeat Purchase,Influencer,None,500,10,Promoter,Packaging,10.9
VE1943,2024-06-27,Jaipur,35-44,Male,20L+,Instagram,Whey Protein,Consideration,,Lack of Trust,0,,,,8.3
VE1944,2024-10-22,Delhi,55+,Female,6-10L,YouTube,Omega-3,Consideration,,Too Expensive,0,,,,6.7
VE1945,2024-10-22,Chennai,55+,Female,20L+,Google Search,Probiotic,Awareness,,Shipping Concerns,0,,,,7.9
VE1946,2024-09-18,Kolkata,35-44,Prefer not to say,3-6L,Instagram,Ashwagandha,Awareness,,Prefer Offline,0,,,,5.1
VE1947,2024-09-26,Delhi,35-44,Male,<3L,Google Search,Ashwagandha,Intent,Brand Trust,Unsure of Efficacy,0,,,,14.5
VE1948,2024-11-04,Chennai,35-44,Male,6-10L,YouTube,Omega-3,Purchase,Peer Recommendation,None,500,10,Promoter,Taste/Texture,10.3
VE1949,2024-06-14,Delhi,25-34,Male,<3L,Instagram,Collagen,Awareness,,Unsure of Efficacy,0,,,,5.9
VE1950,2024-09-09,Bangalore,25-34,Male,3-6L,Google Search,Whey Protein,Awareness,,Prefer Offline,0,,,,13.8
VE1951,2024-09-07,Bangalore,25-34,Female,10-20L,Instagram,Multivitamin,Consideration,,Too Many Options,0,,,,12.3
VE1952,2024-08-23,Delhi,55+,Female,3-6L,Facebook,Ashwagandha,Awareness,,Unsure of Efficacy,0,,,,11.0
VE1953,2024-08-19,Delhi,45-54,Female,3-6L,Instagram,Omega-3,Consideration,,Prefer Offline,0,,,,16.6
VE1954,2024-09-23,Delhi,55+,Female,3-6L,Offline Store,Ashwagandha,Intent,Influencer,Lack of Trust,0,,,,16.3
VE1955,2024-08-17,Bangalore,45-54,Female,10-20L,Instagram,Ashwagandha,Consideration,,Unsure of Efficacy,0,,,,13.6
VE1956,2024-07-21,Mumbai,25-34,Male,10-20L,Instagram,Whey Protein,Awareness,,Prefer Offline,0,,,,12.6
VE1957,2024-06-22,Lucknow,35-44,Male,10-20L,Google Search,Omega-3,Consideration,,Shipping Concerns,0,,,,10.7
VE1958,2024-10-13,Mumbai,25-34,Female,6-10L,YouTube,Whey Protein,Trial,Brand Trust,Too Many Options,0,,,,11.4
VE1959,2024-11-01,Mumbai,35-44,Male,<3L,Instagram,Vitamin D3,Intent,Price,Lack of Trust,0,,,,10.6
VE1960,2024-07-27,Kolkata,45-54,Male,10-20L,YouTube,Probiotic,Repeat Purchase,Influencer,None,1000,8,Passive,Taste/Texture,12.0
VE1961,2024-11-02,Bangalore,25-34,Female,20L+,Doctor Recommendation,Ashwagandha,Consideration,,None,0,,,,6.4
VE1962,2024-08-30,Kolkata,25-34,Male,3-6L,Doctor Recommendation,Whey Protein,Awareness,,Unsure of Efficacy,0,,,,10.8
VE1963,2024-10-21,Bangalore,18-24,Female,<3L,Doctor Recommendation,Omega-3,Repeat Purchase,Doctor Recommended,None,500,10,Promoter,Customer Support,7.3
VE1964,2024-11-07,Hyderabad,45-54,Female,<3L,Doctor Recommendation,Ashwagandha,Awareness,,Unsure of Efficacy,0,,,,14.3
VE1965,2024-07-09,Mumbai,25-34,Male,3-6L,Offline Store,Collagen,Trial,Discount/Offer,Shipping Concerns,0,,,,17.2
VE1966,2024-09-19,Lucknow,35-44,Female,10-20L,Instagram,Vitamin D3,Intent,Peer Recommendation,Too Expensive,0,,,,15.5
VE1967,2024-10-28,Lucknow,35-44,Female,<3L,Google Search,Collagen,Consideration,,Unsure of Efficacy,0,,,,17.9
VE1968,2024-06-23,Hyderabad,35-44,Male,3-6L,Facebook,Collagen,Repeat Purchase,Discount/Offer,None,1000,8,Passive,Delivery Speed,8.3
VE1969,2024-09-27,Pune,25-34,Female,10-20L,Doctor Recommendation,Omega-3,Consideration,,Lack of Trust,0,,,,9.5
VE1970,2024-08-27,Lucknow,35-44,Male,6-10L,Instagram,Ashwagandha,Consideration,,Too Expensive,0,,,,12.3
VE1971,2024-07-18,Bangalore,45-54,Female,3-6L,Doctor Recommendation,Ashwagandha,Intent,Price,Too Expensive,0,,,,7.4
VE1972,2024-06-23,Hyderabad,25-34,Male,3-6L,Doctor Recommendation,Whey Protein,Trial,Doctor Recommended,Unsure of Efficacy,0,,,,16.2
VE1973,2024-07-03,Delhi,25-34,Male,<3L,Facebook,Ashwagandha,Consideration,,Unsure of Efficacy,0,,,,13.2
VE1974,2024-08-31,Lucknow,35-44,Female,10-20L,Doctor Recommendation,Multivitamin,Awareness,,Shipping Concerns,0,,,,8.6
VE1975,2024-07-23,Delhi,25-34,Male,6-10L,Instagram,Whey Protein,Intent,Discount/Offer,Lack of Trust,0,,,,9.2
VE1976,2024-11-07,Jaipur,35-44,Male,3-6L,Instagram,Omega-3,Consideration,,Lack of Trust,0,,,,15.4
VE1977,2024-10-12,Mumbai,45-54,Female,<3L,Instagram,Vitamin D3,Awareness,,Unsure of Efficacy,0,,,,9.6
VE1978,2024-08-28,Pune,18-24,Female,20L+,Instagram,Multivitamin,Consideration,,Too Expensive,0,,,,14.4
VE1979,2024-07-21,Lucknow,18-24,Male,6-10L,Instagram,Ashwagandha,Awareness,,Too Expensive,0,,,,5.9
VE1980,2024-11-03,Ahmedabad,35-44,Female,3-6L,Word of Mouth,Whey Protein,Consideration,,Too Expensive,0,,,,6.6
VE1981,2024-07-20,Mumbai,55+,Male,6-10L,Instagram,Whey Protein,Awareness,,Unsure of Efficacy,0,,,,16.0
VE1982,2024-06-17,Mumbai,18-24,Male,3-6L,Instagram,Omega-3,Consideration,,Shipping Concerns,0,,,,9.4
VE1983,2024-10-19,Mumbai,35-44,Male,6-10L,Doctor Recommendation,Omega-3,Awareness,,Unsure of Efficacy,0,,,,6.1
VE1984,2024-10-21,Pune,25-34,Female,3-6L,Facebook,Probiotic,Repeat Purchase,Ingredients Quality,None,300,1,Detractor,Taste/Texture,16.9
VE1985,2024-09-06,Lucknow,25-34,Female,<3L,Doctor Recommendation,Probiotic,Awareness,,Lack of Trust,0,,,,6.7
VE1986,2024-08-04,Delhi,35-44,Male,3-6L,Doctor Recommendation,Probiotic,Intent,Doctor Recommended,Too Many Options,0,,,,13.3
VE1987,2024-09-06,Kolkata,35-44,Male,3-6L,Google Search,Ashwagandha,Consideration,,Lack of Trust,0,,,,4.7
VE1988,2024-10-24,Mumbai,35-44,Female,20L+,Facebook,Multivitamin,Intent,Price,Too Expensive,0,,,,4.9
VE1989,2024-11-13,Chennai,45-54,Male,3-6L,Google Search,Whey Protein,Awareness,,Too Many Options,0,,,,6.5
VE1990,2024-08-29,Delhi,25-34,Female,10-20L,YouTube,Vitamin D3,Awareness,,Lack of Trust,0,,,,14.0
VE1991,2024-07-08,Ahmedabad,55+,Male,10-20L,Instagram,Omega-3,Consideration,,Too Expensive,0,,,,10.1
VE1992,2024-08-31,Kolkata,45-54,Male,20L+,YouTube,Vitamin D3,Awareness,,Too Expensive,0,,,,8.0
VE1993,2024-06-22,Chennai,55+,Female,3-6L,YouTube,Ashwagandha,Repeat Purchase,Peer Recommendation,None,500,8,Passive,Price-Value,11.4
VE1994,2024-10-09,Bangalore,45-54,Male,10-20L,Facebook,Ashwagandha,Awareness,,Too Expensive,0,,,,13.4
VE1995,2024-06-14,Bangalore,18-24,Female,10-20L,Instagram,Whey Protein,Consideration,,Too Expensive,0,,,,4.6
VE1996,2024-08-11,Bangalore,35-44,Female,6-10L,Doctor Recommendation,Collagen,Purchase,Peer Recommendation,None,1500,9,Promoter,Customer Support,17.3
VE1997,2024-10-24,Mumbai,18-24,Female,3-6L,YouTube,Omega-3,Repeat Purchase,Doctor Recommended,None,300,10,Promoter,Price-Value,7.4
VE1998,2024-06-15,Kolkata,25-34,Male,6-10L,YouTube,Whey Protein,Consideration,,Lack of Trust,0,,,,15.5
VE1999,2024-10-14,Pune,25-34,Female,6-10L,Word of Mouth,Ashwagandha,Consideration,,None,0,,,,16.3
VE2000,2024-07-11,Bangalore,18-24,Female,<3L,Word of Mouth,Omega-3,Trial,Influencer,Prefer Offline,0,,,,13.7
